Year,Crop,Region,Rainfall_mm,Avg_Temperature_C,Production_Tonnes,MSP,Export_Demand_Tonnes,Prev_Year_Price,Next_Year_Price
2018,Tobacco,Meghalaya,659,31.9,45525,3040,3694,3076,3226
2021,Wheat,Nagaland,1076,32.2,16581,3140,2704,3203,3313
2018,Oil Seeds,Assam,1117,27.7,32817,3180,4880,3384,3687
2018,Pulses,Mizoram,458,34.9,29560,3389,9322,3309,3392
2021,Barley,Chhattisgarh,1155,32.4,43765,3343,8916,3782,4317
2021,Sugarcane,Uttar Pradesh,1180,31.8,36853,2264,9591,2316,2504
2022,Cotton,Uttar Pradesh,715,28.2,41721,2723,5383,2709,2808
2022,Oil Seeds,Odisha,1076,30.9,10271,3136,2320,3155,3412
2021,Cotton,Karnataka,705,25.0,26075,2208,3384,2470,2321
2020,Paddy,Odisha,451,20.7,39638,2342,2928,2171,2191
2022,Barley,Telangana,1041,29.1,32571,2329,8623,2369,2247
2018,Ground Nuts,Gujarat,790,20.4,49641,3026,3468,3495,3629
2021,Tobacco,Nagaland,1038,26.8,37738,2411,9026,2287,2349
2019,Ground Nuts,Tripura,1015,30.3,33672,1915,8319,2274,2570
2022,Paddy,Maharashtra,516,33.3,38358,3619,8067,3970,3673
2020,Tobacco,Tamil Nadu,1091,30.5,35787,3227,7977,3171,3337
2019,Maize,Rajasthan,816,27.4,11270,3916,5460,4204,4590
2018,Wheat,Telangana,1184,24.4,49885,1940,7896,2419,2728
2020,Paddy,Nagaland,676,31.7,42288,2028,3080,2362,2164
2019,Oil Seeds,Jharkhand,984,28.1,38565,3858,6151,3802,3633
2021,Pulses,Nagaland,934,22.5,20431,2038,5001,1857,1714
2018,Maize,Rajasthan,872,23.2,25988,3187,7539,3017,2974
2018,Paddy,Goa,579,32.6,13343,3140,1377,3150,2848
2020,Oil Seeds,Maharashtra,1024,20.4,6837,1706,4071,1723,1847
2020,Sugarcane,Bihar,957,27.5,28744,3565,5005,3547,3719
2021,Wheat,Uttarakhand,525,21.8,29300,2527,3547,2666,2524
2018,Ground Nuts,Tripura,601,30.6,28475,3094,3591,3506,3923
2020,Tobacco,Goa,594,29.3,14530,1827,3781,2178,2477
2020,Maize,Bihar,850,24.2,40071,2559,4156,2995,3324
2019,Millets,Odisha,1155,20.4,8803,1852,8983,2045,2172
2018,Ground Nuts,Goa,579,29.2,14211,1641,1229,1935,1832
2021,Tobacco,Assam,692,33.5,38991,2059,2658,1952,2085
2018,Ground Nuts,Meghalaya,800,32.8,13815,2327,2975,2298,2547
2020,Oil Seeds,Himachal Pradesh,1156,34.1,41449,2068,4614,1934,1860
2019,Sugarcane,Bihar,609,29.3,20757,3086,6433,3196,2965
2018,Cotton,Kerala,867,27.6,40120,1916,9400,1943,1883
2018,Barley,Chhattisgarh,868,24.4,14468,2439,1239,2906,3179
2018,Sugarcane,Assam,1167,26.6,24248,2088,1872,2177,2331
2019,Pulses,Haryana,1127,25.2,15891,2077,5444,2421,2254
2019,Pulses,Assam,507,25.1,30358,3827,4473,3837,3563
2019,Barley,Punjab,429,23.8,42502,2622,5134,2824,2854
2021,Millets,Goa,837,31.3,46488,2846,3467,3048,3177
2019,Barley,Arunachal Pradesh,939,21.0,47794,2250,4229,2219,2161
2019,Barley,Nagaland,668,26.9,9444,2176,1795,1996,2118
2021,Oil Seeds,Bihar,1093,32.4,11639,2879,3016,3229,3637
2022,Oil Seeds,Maharashtra,576,27.8,33092,2038,6998,2364,2415
2021,Cotton,Meghalaya,691,34.2,37253,3743,827,3681,4056
2021,Oil Seeds,Arunachal Pradesh,477,23.7,9815,2324,8890,2710,2611
2020,Paddy,Andhra Pradesh,992,24.0,22471,1707,3993,1727,1912
2022,Paddy,Karnataka,955,33.8,22671,1949,3229,2320,2384
2020,Wheat,Maharashtra,484,24.4,7124,1527,2408,1437,1327
2018,Wheat,Tripura,986,33.7,5907,1735,1949,1823,1826
2021,Pulses,Manipur,535,24.2,13319,2813,4003,2837,2946
2018,Barley,Tamil Nadu,606,27.7,34299,3066,5831,2962,2823
2022,Maize,Maharashtra,897,33.3,36932,3893,1292,4145,4570
2022,Pulses,Tripura,1168,30.6,33988,1519,5396,1665,1583
2018,Paddy,Gujarat,474,20.7,25870,3847,7015,4237,3939
2020,Wheat,Kerala,1003,28.8,11121,3481,8597,3905,4475
2019,Paddy,Kerala,542,25.7,10736,1620,4496,1797,1639
2020,Paddy,Chhattisgarh,511,34.6,21366,1544,2020,1523,1663
2019,Wheat,Jharkhand,928,23.3,31112,2513,1406,2356,2482
2019,Maize,Gujarat,1178,20.7,30683,2720,5804,2606,2648
2022,Ground Nuts,Nagaland,600,31.7,13532,2247,6660,2692,2623
2019,Oil Seeds,Meghalaya,907,30.5,32266,3493,5899,3705,4224
2020,Cotton,Arunachal Pradesh,1046,33.2,26932,1870,5377,2186,2257
2018,Oil Seeds,Telangana,1190,22.8,13516,2848,9923,2972,2678
2018,Millets,Chhattisgarh,712,24.4,16271,3588,8518,3476,3977
2022,Sugarcane,Assam,479,22.3,16345,3123,6099,3295,3245
2021,Maize,Chhattisgarh,985,20.1,14004,2508,6135,2438,2664
2022,Cotton,Goa,1198,25.8,22830,1772,8844,1893,1801
2019,Pulses,Sikkim,953,24.2,12925,2056,6565,1913,2103
2021,Oil Seeds,Karnataka,866,26.2,43448,3800,2447,3639,4150
2022,Oil Seeds,Andhra Pradesh,867,30.4,8062,2982,3963,3210,3163
2020,Ground Nuts,Nagaland,452,27.8,47455,3819,2077,4039,3952
2021,Oil Seeds,Chhattisgarh,968,31.5,7166,2577,1389,2477,2475
2022,Ground Nuts,Maharashtra,579,27.5,35965,3803,4253,3952,3997
2022,Wheat,Sikkim,428,24.9,32663,1663,6421,1527,1565
2021,Barley,Mizoram,818,22.8,11326,2646,4672,2744,2677
2019,Maize,Kerala,1161,25.4,49906,1843,9680,1973,1878
2021,Tobacco,Tamil Nadu,948,31.8,25249,2801,9862,3248,3675
2019,Maize,Chhattisgarh,816,32.2,20370,3096,9150,3433,3297
2020,Cotton,Tripura,711,32.1,19310,2720,8179,2676,2662
2018,Tobacco,Madhya Pradesh,721,20.3,45039,2179,6145,2119,2141
2019,Pulses,Mizoram,595,32.1,33517,2450,3401,2292,2566
2019,Maize,Manipur,440,34.0,6456,2266,6480,2180,2008
2022,Barley,Gujarat,841,29.2,33320,3975,2457,3854,4140
2018,Maize,Jharkhand,768,28.3,45397,2733,1220,2849,2587
2020,Cotton,Himachal Pradesh,982,21.4,37405,3616,7900,3584,3308
2018,Barley,Odisha,634,22.8,15700,3399,9240,3593,3527
2022,Pulses,Nagaland,565,25.0,16600,3293,7477,3628,3996
2018,Wheat,West Bengal,971,27.4,35366,2146,5117,2157,2308
2019,Oil Seeds,Uttar Pradesh,881,23.0,20943,2768,3117,2677,2822
2018,Sugarcane,Gujarat,1175,29.8,41309,3114,8319,3213,2910
2020,Tobacco,Rajasthan,916,29.8,38538,3002,6675,3192,2928
2021,Wheat,Manipur,631,25.9,40658,2079,2364,1949,1949
2018,Pulses,Madhya Pradesh,720,32.0,37429,1690,3463,1572,1539
2022,Cotton,Kerala,1006,27.9,21025,3438,7998,3760,4259
2019,Ground Nuts,Karnataka,827,22.3,13594,1937,8061,1752,1712
2021,Sugarcane,Nagaland,535,27.5,42322,1857,7666,1910,2196
2021,Oil Seeds,Tamil Nadu,783,20.6,48392,2080,8321,2443,2760
2022,Oil Seeds,Karnataka,1027,20.3,43420,2843,1163,3244,3624
2020,Paddy,Karnataka,690,34.4,37405,3250,6402,3259,3396
2020,Tobacco,Andhra Pradesh,849,33.9,36188,1829,3607,2074,1919
2021,Cotton,Sikkim,930,29.6,42100,3881,7348,4371,4664
2018,Tobacco,Kerala,1039,28.0,35855,1830,1762,2095,1961
2021,Barley,Uttar Pradesh,758,20.3,40442,3352,3938,3393,3169
2019,Millets,Gujarat,863,26.9,31182,2677,2550,2585,2441
2019,Tobacco,Goa,1010,26.6,47197,2579,4893,2404,2423
2018,Oil Seeds,Mizoram,424,26.5,37328,3737,9903,3630,3871
2019,Paddy,Uttarakhand,825,21.5,29257,2181,7944,2343,2610
2020,Barley,West Bengal,1097,20.9,21818,2593,5246,2975,2891
2019,Wheat,Meghalaya,709,26.7,11826,1546,6207,1595,1734
2020,Ground Nuts,Andhra Pradesh,1083,25.5,27377,2947,1193,3190,3541
2019,Tobacco,Bihar,846,23.0,44341,1724,6956,1649,1884
2020,Ground Nuts,Mizoram,916,32.5,23752,2560,5127,2920,3071
2022,Millets,Haryana,738,25.4,41590,1747,8105,1642,1771
2021,Ground Nuts,Jharkhand,852,26.1,34581,2222,8029,2099,2275
2022,Barley,Chhattisgarh,926,30.2,31883,2063,5596,2353,2118
2020,Paddy,Mizoram,835,30.5,20710,3577,7897,3833,3668
2019,Pulses,Manipur,575,28.7,9667,2852,5792,3136,2860
2019,Cotton,Karnataka,1168,34.0,35963,1535,6477,1520,1613
2022,Maize,Chhattisgarh,816,22.8,35046,3437,4687,3548,3475
2019,Sugarcane,Andhra Pradesh,1052,20.5,44625,1912,9903,2114,2095
2022,Ground Nuts,Himachal Pradesh,613,34.9,5918,2557,9022,2915,3039
2018,Millets,Assam,1083,26.1,40713,1699,8321,1914,1956
2019,Barley,Telangana,1069,27.0,35228,3552,9978,3946,3578
2020,Ground Nuts,West Bengal,700,23.8,39073,3244,7174,3569,3431
2020,Cotton,Rajasthan,856,33.3,33946,1779,5059,1714,1930
2020,Maize,Maharashtra,480,26.9,7290,3705,8700,3984,3909
2021,Ground Nuts,Manipur,705,23.7,21766,2140,2662,2332,2634
2021,Cotton,West Bengal,969,30.6,38425,1589,9414,1596,1694
2022,Paddy,Andhra Pradesh,776,28.7,22699,3125,9075,3577,3472
2020,Oil Seeds,Uttar Pradesh,744,24.6,46112,3611,1365,3706,3941
2019,Wheat,Gujarat,900,23.1,46974,2286,2195,2388,2548
2018,Maize,West Bengal,909,21.7,26305,3712,3424,3602,3494
2019,Ground Nuts,Punjab,887,21.3,41689,2505,6737,2392,2688
2019,Oil Seeds,Karnataka,722,21.1,7774,3683,9297,4107,3915
2021,Sugarcane,Kerala,909,34.7,47258,3791,987,3737,3493
2021,Barley,Kerala,1166,34.4,38227,2162,5657,2178,2153
2018,Maize,Odisha,621,20.1,13844,1735,2587,1995,2145
2022,Wheat,Tamil Nadu,519,22.6,32422,3683,1621,3612,3614
2018,Maize,Chhattisgarh,1096,29.5,13829,2390,5379,2599,2581
2020,Millets,Uttarakhand,1138,20.2,49182,2690,1251,3062,3389
2021,Tobacco,Haryana,492,28.4,25088,3805,4906,4261,4380
2019,Ground Nuts,Mizoram,422,26.2,9140,2112,7989,1997,2097
2020,Maize,Meghalaya,433,30.5,42816,2117,9190,2601,2542
2020,Oil Seeds,Goa,1109,33.7,25129,2951,3542,3000,2886
2018,Barley,Karnataka,771,31.1,48968,1655,5292,1572,1557
2019,Oil Seeds,Andhra Pradesh,1191,29.6,40619,2788,2641,2912,2886
2021,Ground Nuts,Gujarat,827,25.6,45736,2543,6448,2370,2506
2022,Ground Nuts,Uttar Pradesh,897,32.9,31176,3161,8135,3261,3353
2018,Pulses,Sikkim,763,30.1,31789,3126,8901,3613,3787
2022,Maize,Karnataka,885,23.0,31830,1972,6363,1789,1677
2021,Maize,Tripura,688,21.1,37687,3910,7539,3996,4187
2021,Maize,Gujarat,432,21.4,33962,3697,9294,4138,4519
2018,Sugarcane,Haryana,470,21.6,27936,1980,5374,1847,2026
2018,Tobacco,Uttarakhand,634,28.0,36488,3221,9278,3091,3119
2022,Maize,Nagaland,427,26.5,20132,2652,941,3138,3285
2020,Pulses,Chhattisgarh,445,31.3,34832,3026,3385,3489,3693
2021,Barley,West Bengal,792,30.1,48320,3442,9098,3858,4045
2020,Millets,Nagaland,1105,25.3,31329,3903,4194,3902,3854
2022,Millets,Tamil Nadu,1188,30.1,33623,2034,3132,2023,2172
2018,Paddy,Arunachal Pradesh,971,30.4,37121,3843,7266,4153,4516
2019,Wheat,Uttar Pradesh,694,33.1,22947,3681,4374,3603,3647
2020,Maize,Rajasthan,452,27.5,48266,3826,7529,4144,4482
2020,Oil Seeds,Kerala,1037,21.0,5120,3260,1913,3355,3550
2018,Oil Seeds,Sikkim,1064,26.8,8848,3082,799,3531,3315
2018,Maize,Uttar Pradesh,1059,31.0,17441,2529,8304,2488,2738
2020,Millets,Goa,470,24.9,20345,2406,7621,2319,2251
2021,Pulses,Karnataka,794,24.5,43102,1823,7557,2283,2622
2022,Paddy,Sikkim,510,33.2,28407,2254,2139,2559,2564
2021,Pulses,Arunachal Pradesh,467,21.1,9191,2413,1733,2509,2861
2022,Wheat,Gujarat,1050,25.7,12836,1954,3492,2013,1981
2019,Pulses,West Bengal,972,20.3,9052,2984,8108,2971,3095
2020,Cotton,Manipur,530,28.8,13935,3264,8771,3525,3396
2020,Pulses,Rajasthan,714,34.7,17448,2111,2586,2375,2711
2018,Wheat,Sikkim,884,33.3,17888,3890,1004,3779,3897
2019,Sugarcane,Chhattisgarh,756,31.4,5660,2733,4667,2949,3295
2020,Pulses,Punjab,940,25.4,7152,2774,1637,3045,2959
2021,Cotton,Andhra Pradesh,774,29.0,23118,3788,1119,3696,4226
2022,Wheat,Arunachal Pradesh,462,28.3,16272,2597,9258,2745,3005
2018,Cotton,Tamil Nadu,1080,21.0,31186,3905,9498,3927,4235
2020,Millets,Jharkhand,516,28.4,49433,1689,5791,1918,2152
2021,Paddy,Haryana,1019,22.1,6340,1873,3998,1942,2149
2018,Sugarcane,Goa,1153,27.6,22550,2330,9593,2238,2382
2021,Pulses,Haryana,595,25.6,38433,2497,2886,2718,2688
2022,Millets,Chhattisgarh,1063,28.4,36467,1913,9999,1846,1696
2020,Maize,Chhattisgarh,452,27.7,21938,2487,9774,2732,2842
2018,Maize,Sikkim,962,20.9,48612,3922,2628,4093,3718
2018,Ground Nuts,Bihar,594,29.8,24165,3794,8969,4009,4287
2019,Pulses,Meghalaya,599,30.1,33495,1847,3227,1756,1908
2022,Sugarcane,Telangana,527,22.2,12466,3135,3101,3591,3803
2020,Ground Nuts,Uttar Pradesh,513,28.7,39141,2279,9328,2525,2462
2020,Barley,Jharkhand,1148,24.0,49241,1865,9777,2175,2437
2018,Cotton,Jharkhand,1199,26.2,41742,3757,4593,3833,3580
2021,Oil Seeds,Haryana,554,26.8,29287,2838,4290,3313,3749
2021,Sugarcane,Punjab,591,32.2,18555,2924,1713,3189,3555
2018,Oil Seeds,Jharkhand,1101,22.8,16884,2355,3069,2423,2607
2021,Pulses,Goa,577,25.9,35432,2051,7777,2346,2632
2021,Oil Seeds,Maharashtra,547,22.7,7677,2523,4228,2707,2574
2020,Ground Nuts,Karnataka,782,23.7,36508,3587,4454,3944,4437
2019,Pulses,Jharkhand,442,25.9,47260,3628,4351,3492,3177
2018,Millets,Tripura,706,29.4,33059,3240,2954,3227,3124
2019,Sugarcane,Mizoram,1081,28.2,5256,3282,3179,3439,3669
2019,Ground Nuts,Meghalaya,1031,24.1,7678,1628,7416,1669,1669
2020,Maize,Mizoram,689,21.8,32286,3727,6831,3649,4193
2018,Millets,Kerala,627,25.5,25461,1642,7576,1620,1661
2021,Sugarcane,Rajasthan,1059,23.0,32524,2117,1257,2554,2531
2021,Ground Nuts,Tripura,802,32.8,46306,3968,1403,4195,4149
2019,Cotton,Manipur,646,22.6,17054,2952,7243,3236,3347
2020,Maize,Jharkhand,720,34.7,42303,3739,2800,4045,3739
2022,Barley,Karnataka,911,22.0,46824,2034,1180,2531,2461
2019,Cotton,Chhattisgarh,770,27.4,13174,2140,1494,2253,2287
2019,Paddy,Goa,409,25.1,14537,2819,8608,3279,3139
2022,Wheat,Bihar,499,31.4,29192,3918,1444,3978,3754
2022,Paddy,Tripura,775,27.2,22214,2012,7491,2439,2675
2021,Maize,Goa,858,21.7,9268,2038,4967,1928,1770
2022,Millets,Meghalaya,1044,25.1,13241,1744,1704,1557,1430
2021,Barley,Telangana,894,25.4,44755,2635,517,2470,2639
2020,Sugarcane,Tamil Nadu,930,28.2,37707,2536,8693,2986,3004
2018,Ground Nuts,Assam,966,32.8,27166,2166,5992,2201,2511
2021,Paddy,Punjab,952,30.2,31482,1776,4151,2177,2244
2022,Pulses,Sikkim,596,32.8,10873,1603,4301,1594,1818
2021,Barley,Arunachal Pradesh,888,23.6,14360,3134,7576,3503,3715
2019,Millets,Karnataka,519,33.4,41211,2883,5191,3023,3245
2019,Cotton,Mizoram,779,32.6,25748,3100,833,3048,2777
2022,Paddy,Tamil Nadu,676,28.2,48845,1844,7566,1737,1707
2019,Millets,Uttar Pradesh,716,22.1,24402,2814,2432,3261,3022
2019,Pulses,Bihar,564,30.6,30051,3340,3033,3653,3363
2021,Sugarcane,Madhya Pradesh,719,32.7,23575,3669,8120,4004,3847
2021,Maize,Karnataka,802,29.8,11143,3076,2143,3514,3677
2022,Oil Seeds,Haryana,571,34.8,45125,3486,7272,3698,3648
2019,Oil Seeds,Goa,1009,20.3,20792,1857,1537,1863,1889
2018,Pulses,Manipur,1089,28.7,16448,3080,880,3188,3105
2021,Sugarcane,Meghalaya,806,34.0,20533,2330,1438,2568,2699
2019,Paddy,Tripura,1180,23.0,8065,3065,5228,3145,3450
2019,Ground Nuts,Bihar,557,21.7,20460,3285,3170,3408,3813
2019,Wheat,Mizoram,950,29.4,37906,2638,3385,2519,2671
2021,Paddy,Kerala,718,30.1,31586,2911,5424,3304,3472
2022,Maize,Himachal Pradesh,678,26.2,42255,1977,6107,2437,2685
2019,Ground Nuts,Telangana,525,20.6,44053,2423,8318,2891,3066
2021,Cotton,Tamil Nadu,1186,30.6,21269,2231,9184,2600,2617
2021,Pulses,Uttarakhand,886,33.3,40935,3620,7126,3875,4244
2021,Maize,Jharkhand,983,28.6,6390,2893,2619,3336,3176
2018,Barley,Nagaland,1139,22.8,44748,2173,2214,2053,1903
2020,Tobacco,Himachal Pradesh,1047,29.2,27434,3681,5693,4174,4237
2021,Maize,Nagaland,884,23.4,9478,3985,2647,3930,4020
2022,Maize,Madhya Pradesh,661,27.6,39582,2785,6767,3217,3175
2018,Oil Seeds,Goa,708,25.9,28432,2743,3113,2871,2656
2020,Tobacco,Jharkhand,1100,31.3,43593,2562,4074,2593,2764
2020,Sugarcane,Uttar Pradesh,1126,29.7,43308,3621,1304,3791,3775
2021,Oil Seeds,Gujarat,488,27.6,7581,2842,713,3058,3509
2021,Sugarcane,Bihar,606,23.2,38977,2236,7881,2295,2535
2021,Maize,Andhra Pradesh,836,22.8,26240,2960,4265,3378,3242
2019,Sugarcane,Assam,641,20.6,26778,3055,7139,3442,3623
2022,Cotton,Chhattisgarh,643,23.7,30147,3320,9125,3435,3224
2020,Sugarcane,Arunachal Pradesh,1055,29.5,40858,2848,8521,2974,3119
2022,Ground Nuts,Gujarat,681,25.8,9904,1538,4392,1967,2249
2020,Pulses,Arunachal Pradesh,987,32.8,22712,3886,3231,3772,4261
2019,Cotton,Uttar Pradesh,462,22.9,31921,2039,7699,2262,2167
2018,Pulses,Punjab,916,32.9,46797,2731,7979,3228,3286
2022,Millets,Andhra Pradesh,1081,26.1,49424,1702,6188,1993,2032
2022,Maize,Arunachal Pradesh,855,29.6,38098,2276,9773,2127,2353
2019,Pulses,Kerala,542,34.2,31678,3963,2992,4125,4019
2019,Cotton,Tamil Nadu,997,22.3,27837,3077,2621,3547,3898
2021,Tobacco,Karnataka,476,34.2,42360,2069,9462,2559,2622
2022,Paddy,Bihar,606,25.9,36091,2168,8718,2504,2395
2022,Maize,West Bengal,1073,32.0,44134,3721,7029,3750,3678
2020,Millets,Meghalaya,445,22.3,7311,3502,9926,3417,3165
2020,Cotton,Bihar,973,21.6,16540,2174,3951,2450,2209
2020,Sugarcane,Tripura,1184,26.5,10619,1557,6964,1561,1779
2019,Tobacco,Uttarakhand,772,30.6,38886,3791,7869,4050,4449
2019,Paddy,Tamil Nadu,827,24.5,23318,2782,567,2683,2717
2021,Paddy,Goa,1189,29.6,45519,2391,4933,2529,2834
2022,Pulses,Kerala,533,23.5,24148,3480,4314,3311,3787
2022,Cotton,West Bengal,406,28.3,11134,3113,7414,2919,3084
2022,Wheat,Mizoram,476,26.1,21039,3416,2623,3576,3870
2022,Sugarcane,Goa,1112,33.7,14379,3587,2123,3719,4181
2019,Wheat,Manipur,845,29.5,5918,2397,9438,2366,2659
2021,Maize,Sikkim,427,30.6,49610,2989,875,2869,2778
2021,Pulses,Madhya Pradesh,970,26.5,37860,2309,5511,2724,2749
2022,Pulses,Goa,698,26.7,45923,2969,4259,2795,2851
2018,Cotton,Uttar Pradesh,419,29.1,11565,1648,7698,1486,1361
2021,Oil Seeds,Tripura,1067,22.3,8783,3672,4879,3791,3963
2022,Tobacco,Uttar Pradesh,425,21.9,7774,3470,5457,3942,4277
2022,Oil Seeds,Goa,980,26.7,6309,3897,4833,3699,4107
2018,Barley,Sikkim,584,21.3,22301,3882,3421,4327,4677
2020,Millets,Haryana,946,33.1,42923,3107,1045,3441,3546
2021,Ground Nuts,Mizoram,942,28.8,48917,1890,2282,2043,1920
2022,Pulses,Tamil Nadu,558,21.3,24912,2150,3753,2004,1989
2018,Pulses,West Bengal,555,33.6,42056,3113,3257,3448,3255
2021,Maize,Punjab,710,33.6,19939,1743,5109,1762,1694
2018,Ground Nuts,Odisha,932,24.1,34506,2691,4693,2890,2619
2019,Pulses,Karnataka,987,28.9,43888,3617,9346,3857,4239
2019,Paddy,Karnataka,449,32.5,13156,2926,1332,3019,3192
2020,Sugarcane,Mizoram,422,21.1,38192,3545,4090,3713,3532
2018,Tobacco,Goa,565,25.5,7457,2212,1998,2037,2091
2019,Cotton,Assam,837,21.5,13328,2781,942,2641,2819
2019,Pulses,Gujarat,522,30.4,26018,3115,5984,3492,3665
2021,Oil Seeds,Meghalaya,1064,22.3,36373,3581,3837,3454,3400
2021,Maize,Telangana,843,26.6,17814,2908,1051,2960,3031
2021,Sugarcane,West Bengal,606,22.5,13393,2409,6507,2396,2277
2022,Sugarcane,West Bengal,427,29.6,11240,2944,5999,3059,3125
2022,Ground Nuts,Andhra Pradesh,957,24.3,45665,2436,4111,2696,2852
2019,Pulses,Himachal Pradesh,851,26.7,42800,3254,8178,3195,3654
2021,Cotton,Kerala,691,22.0,38609,3215,8544,3247,3722
2021,Barley,Tripura,1078,34.7,15153,3645,7438,3950,3710
2022,Wheat,Manipur,763,34.8,35988,1947,5916,2233,2458
2021,Oil Seeds,Telangana,665,20.1,40913,2798,2444,3169,3529
2022,Ground Nuts,Tripura,737,26.7,37768,2718,5664,2524,2394
2020,Millets,Manipur,772,24.5,40206,2821,2119,2864,3020
2018,Cotton,Sikkim,1126,32.0,32520,3488,2938,3616,3305
2019,Maize,Odisha,579,32.4,13648,2456,588,2358,2184
2018,Pulses,Nagaland,1117,30.9,42623,2645,8797,2797,3179
2021,Pulses,Sikkim,532,30.7,36839,1963,1880,2299,2399
2022,Sugarcane,Rajasthan,674,26.4,7367,3157,4154,3481,3858
2018,Paddy,Haryana,739,26.9,47842,2938,8598,2750,2735
2022,Maize,Punjab,554,27.3,13813,1834,9053,2302,2581
2019,Oil Seeds,Gujarat,685,24.0,36151,2503,502,2684,2657
2021,Ground Nuts,Telangana,508,22.1,46985,1954,1768,2251,2385
2018,Sugarcane,Karnataka,712,20.9,12525,2529,2784,2382,2507
2022,Cotton,Haryana,500,27.0,44864,3987,9078,3797,3834
2020,Wheat,Odisha,970,27.4,27518,3471,3917,3536,3577
2022,Tobacco,Gujarat,623,31.3,25079,3433,7888,3728,4142
2021,Millets,Madhya Pradesh,1068,25.5,9020,3210,5277,3242,3725
2022,Cotton,Gujarat,454,32.6,25912,2206,9078,2075,1978
2022,Tobacco,Andhra Pradesh,873,31.5,27432,2308,8963,2219,2172
2019,Cotton,Andhra Pradesh,470,20.3,47352,1707,3300,1658,1571
2020,Barley,Andhra Pradesh,510,31.1,40984,2513,1311,2998,3264
2021,Cotton,Odisha,662,26.7,14210,2873,2913,2684,2571
2020,Oil Seeds,Rajasthan,533,22.7,11450,3661,6018,4085,4232
2020,Barley,Rajasthan,1083,21.2,44140,1580,6250,1843,1702
2021,Millets,Punjab,814,29.2,7837,3393,4480,3471,3326
2021,Cotton,Mizoram,844,32.8,35462,1589,9121,1834,1669
2019,Barley,Meghalaya,520,21.3,18756,1973,1715,2418,2579
2022,Pulses,Uttarakhand,648,26.4,39685,2642,9493,2516,2456
2021,Millets,Kerala,1016,34.4,11317,2096,2603,2213,2260
2022,Maize,Mizoram,965,32.5,33783,2337,9418,2593,2649
2019,Cotton,Goa,1180,33.1,29593,1896,3431,1909,2030
2020,Oil Seeds,Chhattisgarh,643,27.1,21209,3659,7299,3687,3702
2019,Paddy,Rajasthan,623,22.7,5657,3040,3996,3276,3201
2022,Ground Nuts,Meghalaya,687,32.9,40832,1687,5746,1530,1477
2022,Maize,Tamil Nadu,545,20.6,49761,2423,8259,2713,3070
2019,Wheat,Telangana,1123,30.8,27630,3545,8472,3734,3774
2020,Wheat,Himachal Pradesh,1164,22.0,47536,2269,6036,2151,2297
2020,Ground Nuts,Himachal Pradesh,1039,27.0,26794,2302,1118,2303,2496
2022,Oil Seeds,Madhya Pradesh,401,32.9,25185,2383,7655,2409,2283
2021,Wheat,West Bengal,987,26.0,20483,1642,9186,1857,1837
2018,Sugarcane,Telangana,429,24.0,31225,1610,3718,1475,1328
2019,Tobacco,Arunachal Pradesh,891,28.8,15013,2838,6827,3096,3182
2021,Ground Nuts,Nagaland,490,21.3,32702,3431,9700,3397,3801
2019,Ground Nuts,Kerala,914,24.0,10430,1937,9183,1773,1837
2019,Sugarcane,Uttar Pradesh,715,26.0,34253,2454,513,2370,2142
2020,Oil Seeds,Haryana,417,30.1,9963,2734,5883,3058,2906
2021,Tobacco,Jharkhand,589,22.1,30348,3823,7024,4217,4336
2020,Tobacco,Uttarakhand,521,32.2,23022,3013,2549,3212,3469
2019,Pulses,Chhattisgarh,866,33.2,23997,3899,4698,3947,4399
2022,Barley,West Bengal,968,24.9,10553,3364,9249,3377,3359
2018,Pulses,Haryana,645,28.8,19229,3577,7357,3998,3657
2022,Wheat,Rajasthan,512,31.5,29768,3740,5009,3978,4341
2018,Sugarcane,Tripura,814,34.8,24451,1992,9923,1933,2131
2018,Sugarcane,Uttarakhand,1094,24.6,32325,1716,2629,2013,2261
2022,Barley,Uttarakhand,792,20.2,49744,2406,9366,2789,3151
2019,Wheat,Chhattisgarh,741,21.9,21131,2356,5003,2579,2950
2020,Paddy,Madhya Pradesh,807,21.0,27685,1851,7437,1776,1968
2021,Paddy,Sikkim,877,22.9,25561,2577,8924,2686,2709
2021,Wheat,Odisha,1067,34.1,36028,1688,5334,1577,1639
2019,Maize,Maharashtra,482,31.1,28949,3095,8488,3330,3593
2022,Tobacco,Uttarakhand,871,23.7,6146,2446,5659,2872,2714
2018,Sugarcane,Rajasthan,491,25.6,13251,2069,7445,2166,2277
2018,Tobacco,Karnataka,609,32.0,19798,3295,2092,3515,3386
2019,Barley,Uttarakhand,434,32.1,48973,2950,6395,2865,3080
2019,Barley,West Bengal,720,25.2,11841,3683,8084,3589,3499
2018,Pulses,Meghalaya,828,20.9,43621,3475,7416,3382,3752
2020,Oil Seeds,Nagaland,903,33.6,24541,1665,9241,1980,1848
2019,Maize,Telangana,1028,29.4,18472,1887,5829,2184,2437
2022,Paddy,Telangana,1099,31.8,42338,2516,8999,3007,3015
2022,Maize,Jharkhand,944,20.8,17360,3599,5222,3669,3477
2018,Millets,Arunachal Pradesh,676,28.2,46604,3335,1795,3401,3194
2021,Oil Seeds,Jharkhand,637,29.2,47904,2564,962,2756,2559
2018,Ground Nuts,Uttar Pradesh,942,31.8,48874,2501,4862,2650,2707
2021,Wheat,Haryana,1192,27.5,24444,1509,8176,1724,1611
2019,Oil Seeds,Odisha,590,26.5,40875,3601,6298,4018,4376
2021,Millets,West Bengal,957,28.5,17160,3847,7073,3836,4236
2018,Pulses,Assam,538,25.9,12239,3125,3450,3259,3721
2019,Wheat,Tripura,656,28.4,35063,2469,721,2933,2865
2018,Sugarcane,Punjab,595,31.6,25031,3458,6812,3525,3838
2021,Wheat,Maharashtra,1163,28.9,47635,2933,6031,3433,3518
2021,Wheat,Himachal Pradesh,514,34.2,37446,2461,896,2784,3110
2022,Pulses,Odisha,448,27.2,16180,3850,1256,3955,3605
2022,Maize,Odisha,415,20.4,21727,2473,7009,2433,2645
2020,Cotton,Andhra Pradesh,923,30.1,22051,3908,8164,4116,4031
2022,Tobacco,Himachal Pradesh,453,22.1,46721,3263,6138,3565,3330
2021,Wheat,Tamil Nadu,1047,22.1,41570,2859,5215,3208,3122
2019,Oil Seeds,West Bengal,1096,24.3,18293,2692,8920,2582,2924
2018,Sugarcane,Nagaland,581,21.1,14897,1511,6419,1331,1525
2019,Ground Nuts,Tamil Nadu,1107,25.3,15582,3165,2216,3409,3194
2021,Wheat,Goa,442,31.6,8452,3824,2461,3891,3808
2020,Oil Seeds,Tripura,786,25.0,18365,3840,8554,3805,3690
2020,Pulses,Goa,727,31.6,38547,2392,6254,2285,2059
2019,Paddy,Jharkhand,748,20.6,45879,2743,1838,2590,2870
2021,Paddy,Assam,639,24.9,11944,2385,5241,2713,2873
2018,Wheat,Haryana,971,32.4,15438,3446,8981,3914,4468
2020,Maize,Himachal Pradesh,888,30.0,17494,2313,6188,2741,2507
2018,Paddy,Chhattisgarh,502,31.9,20621,2185,1714,2385,2426
2021,Maize,Rajasthan,1100,23.6,36573,3090,5125,3117,3131
2018,Sugarcane,Manipur,549,28.5,19253,3986,4492,4140,4210
2021,Barley,Bihar,1010,21.0,12886,1519,2062,1944,1915
2021,Paddy,Tamil Nadu,818,26.0,37323,2250,9474,2601,2796
2019,Cotton,West Bengal,1007,34.3,16026,2308,2987,2207,2372
2021,Cotton,Manipur,1120,20.7,11846,3403,2369,3214,2917
2020,Cotton,Sikkim,624,32.1,21399,2754,5705,2897,3096
2022,Oil Seeds,Assam,497,34.0,48377,3143,4670,3383,3320
2022,Cotton,Uttarakhand,1195,30.0,19075,3176,6737,3487,3613
2019,Barley,Sikkim,921,26.0,45172,1558,6029,1657,1600
2018,Tobacco,Mizoram,655,31.4,33924,2048,1830,2066,2077
2019,Tobacco,Kerala,727,34.3,24794,1947,8106,2186,2284
2022,Paddy,Chhattisgarh,907,33.5,19388,2038,8883,1908,1863
2021,Sugarcane,Karnataka,985,25.3,29440,1924,9367,1875,1851
2021,Paddy,Uttar Pradesh,666,25.9,43624,1807,1543,2244,2218
2020,Maize,Tamil Nadu,457,21.4,5173,2766,8648,2576,2496
2019,Maize,Goa,714,23.3,11684,1945,9993,1923,1917
2021,Pulses,Uttar Pradesh,1190,22.3,49259,1727,8388,2056,1885
2021,Pulses,West Bengal,598,29.2,19812,2697,697,2556,2641
2019,Barley,Bihar,831,28.4,21640,3442,3147,3419,3576
2021,Maize,Maharashtra,1016,24.2,35759,3104,8149,3544,3440
2021,Maize,Uttar Pradesh,487,28.8,18505,3605,5269,3924,4291
2019,Paddy,Sikkim,957,34.1,25660,2065,1958,2058,2108
2021,Millets,Manipur,602,29.9,7742,2622,5889,3069,3515
2022,Millets,Himachal Pradesh,632,26.8,14069,2039,4141,2005,2026
2020,Sugarcane,Andhra Pradesh,497,32.5,19157,1513,9884,1339,1372
2022,Paddy,West Bengal,481,28.0,21553,3269,6528,3410,3383
2022,Oil Seeds,Jharkhand,799,32.9,38078,3425,5817,3892,3633
2018,Sugarcane,Tamil Nadu,774,23.1,6310,1604,2625,1636,1801
2020,Ground Nuts,Rajasthan,614,24.3,31116,2362,6106,2277,2413
2020,Paddy,Uttarakhand,782,24.2,25097,3802,8833,3871,4323
2022,Wheat,Telangana,663,31.7,32596,2687,5946,2752,2975
2021,Pulses,Kerala,1072,23.6,39727,1898,5517,2007,1958
2021,Sugarcane,Arunachal Pradesh,724,22.3,39835,3512,1992,3453,3801
2019,Cotton,Maharashtra,454,20.4,27573,1788,3007,1988,2152
2019,Wheat,Kerala,722,24.0,40212,3171,4844,3463,3198
2022,Barley,Rajasthan,530,31.5,33859,3140,4094,3047,3074
2022,Pulses,Madhya Pradesh,589,25.9,36676,2282,6124,2237,2352
2019,Maize,Andhra Pradesh,1069,28.2,22039,1923,3730,2177,2263
2019,Sugarcane,Kerala,979,34.9,27456,2226,8964,2371,2600
2021,Maize,Uttarakhand,1183,23.8,14128,2070,3332,2550,2824
2019,Cotton,Himachal Pradesh,762,21.4,5900,2484,7677,2349,2518
2019,Barley,Karnataka,1034,31.6,43639,3169,4775,3646,4129
2019,Millets,Goa,650,32.9,22209,2847,9526,3137,2838
2018,Ground Nuts,Chhattisgarh,967,24.1,28913,3963,8538,3907,3569
2020,Oil Seeds,Sikkim,942,32.3,19202,2673,1666,2627,2809
2019,Maize,Uttar Pradesh,639,28.7,22448,2848,2508,2903,3146
2019,Cotton,Uttarakhand,993,24.1,32976,3634,4117,3730,3967
2019,Paddy,Andhra Pradesh,448,31.0,6488,1799,2235,2094,2395
2021,Cotton,Chhattisgarh,1146,20.7,30216,2983,5921,2805,2716
2019,Millets,Rajasthan,672,28.8,8356,1764,731,2003,2234
2018,Ground Nuts,Jharkhand,607,32.5,20285,3313,1714,3223,3426
2019,Cotton,Nagaland,881,27.2,6057,1827,3357,2265,2553
2020,Pulses,Jharkhand,462,20.1,44055,2390,791,2289,2403
2018,Sugarcane,Jharkhand,1163,21.1,33969,3066,8398,3412,3772
2021,Maize,Meghalaya,734,29.7,44560,3052,8073,2863,2655
2022,Pulses,Rajasthan,1009,33.1,37135,3687,6349,3563,3856
2022,Paddy,Mizoram,820,26.9,11444,3673,5941,3671,3438
2018,Cotton,Tripura,782,33.7,30651,1944,2915,2396,2445
2020,Millets,Himachal Pradesh,1052,31.7,26456,3884,3110,3881,4256
2018,Ground Nuts,Uttarakhand,702,32.6,44942,1545,4728,1904,2118
2021,Cotton,Arunachal Pradesh,1034,30.6,37769,2150,5315,2585,2552
2019,Ground Nuts,Maharashtra,617,31.0,35124,3878,2231,3775,3766
2021,Tobacco,Gujarat,883,29.0,10422,1825,4693,1633,1852
2020,Paddy,Telangana,883,20.8,18192,3756,3613,3701,3605
2021,Pulses,Gujarat,978,28.5,47345,2014,7399,2428,2716
2019,Tobacco,Gujarat,944,28.0,33658,1872,8805,1919,1738
2018,Maize,Uttarakhand,1111,31.2,6119,3347,6761,3517,3233
2022,Cotton,Tamil Nadu,505,28.3,5914,3176,2908,3629,4163
2020,Barley,Maharashtra,657,20.4,14696,2861,8377,3102,3361
2018,Barley,Kerala,406,20.1,6494,3960,3978,3819,3455
2019,Oil Seeds,Arunachal Pradesh,822,32.6,14609,2050,1992,2378,2579
2018,Wheat,Uttarakhand,1011,24.4,33316,2802,8764,3011,2907
2019,Tobacco,Tripura,790,22.3,23135,2865,2644,3217,3076
2021,Pulses,Meghalaya,1004,32.4,17602,2512,5300,2352,2504
2019,Pulses,Punjab,920,22.7,29185,2997,4711,3449,3744
2019,Tobacco,Chhattisgarh,592,33.6,42955,2501,7810,2735,3081
2022,Pulses,Arunachal Pradesh,964,31.1,43523,1967,6407,2012,2129
2018,Barley,Meghalaya,738,23.4,49376,2869,1589,3332,3672
2020,Wheat,Tripura,808,28.2,21858,3609,6399,3613,3470
2021,Oil Seeds,Kerala,1005,35.0,34822,2428,7736,2253,2436
2021,Paddy,Telangana,664,31.0,26187,3788,8442,4187,4306
2021,Millets,Meghalaya,526,33.9,46421,2383,9064,2815,2679
2022,Paddy,Gujarat,1170,24.3,40493,3691,657,3638,3707
2018,Maize,Punjab,685,32.3,39933,2934,1575,2741,2878
2021,Paddy,Jharkhand,1079,30.7,9839,2343,5390,2147,2219
2020,Sugarcane,Himachal Pradesh,525,20.3,22384,3051,9941,3020,2822
2018,Oil Seeds,Madhya Pradesh,769,25.7,49992,3466,7101,3851,3542
2021,Millets,Mizoram,1013,34.1,34967,3123,640,3077,2823
2021,Wheat,Jharkhand,817,22.4,46211,2314,6142,2539,2731
2021,Millets,Maharashtra,926,34.9,13133,2431,8368,2502,2774
2021,Ground Nuts,Uttarakhand,787,29.9,26570,2347,6160,2273,2266
2022,Millets,Punjab,465,30.0,47475,2513,2092,2848,3119
2020,Millets,Tripura,524,32.3,31134,1907,2237,2109,1987
2019,Sugarcane,Tamil Nadu,521,34.2,38389,3749,1466,3615,4062
2018,Sugarcane,Odisha,506,24.2,27194,2203,2320,2285,2277
2022,Pulses,Haryana,521,24.2,21330,2275,7974,2563,2488
2022,Paddy,Arunachal Pradesh,509,31.7,32988,1916,3396,1822,2062
2020,Paddy,Kerala,1177,29.7,8771,2233,7521,2516,2759
2020,Pulses,Madhya Pradesh,805,22.5,39692,2532,7967,2549,2905
2019,Sugarcane,Rajasthan,706,20.5,37034,2308,1235,2677,2864
2018,Ground Nuts,Andhra Pradesh,400,29.5,44940,2635,4800,2724,2590
2018,Paddy,Maharashtra,649,30.7,34570,1673,3583,2082,2008
2020,Millets,Madhya Pradesh,854,31.4,14815,2543,5586,2898,2810
2018,Millets,Uttar Pradesh,871,29.0,46741,1749,7908,2062,2321
2018,Sugarcane,West Bengal,513,23.5,48230,3701,3248,3626,3329
2020,Barley,Assam,607,28.6,47955,2328,5204,2366,2202
2018,Barley,Uttarakhand,947,20.9,22414,3104,2543,2993,3012
2020,Sugarcane,Chhattisgarh,579,21.9,35183,1733,1953,1990,1802
2022,Maize,Telangana,715,25.1,42235,2309,8297,2579,2810
2018,Oil Seeds,Kerala,674,20.1,24939,1537,5952,1987,1822
2019,Paddy,Arunachal Pradesh,799,27.8,18158,3885,5596,4218,4680
2020,Ground Nuts,Odisha,549,23.6,39296,3758,8181,4021,4185
2022,Paddy,Odisha,415,29.3,36054,2458,9826,2467,2478
2019,Barley,Uttar Pradesh,401,32.4,16631,3700,2086,4060,4281
2019,Wheat,Rajasthan,986,29.7,37594,3418,5011,3431,3334
2021,Millets,Jharkhand,824,20.8,25000,3607,883,3452,3354
2022,Oil Seeds,Tripura,689,29.4,27376,1654,7951,1498,1634
2020,Barley,Bihar,1097,23.4,44928,1645,8694,1961,2208
2018,Paddy,Manipur,433,28.6,6554,2286,9671,2731,2980
2019,Oil Seeds,Uttarakhand,1071,30.7,44577,2985,6961,3136,3498
2021,Paddy,Gujarat,490,33.2,24383,3121,592,2929,3155
2021,Maize,Mizoram,1153,33.9,21479,2399,3172,2392,2536
2018,Oil Seeds,Nagaland,740,27.9,42759,2488,8169,2500,2358
2022,Pulses,Bihar,1081,31.4,41630,3586,4419,3787,3808
2019,Ground Nuts,Rajasthan,907,21.9,19402,3175,8468,3412,3121
2019,Tobacco,Jharkhand,1167,28.9,19030,2695,8380,2695,2506
2018,Oil Seeds,Himachal Pradesh,543,31.6,21559,2058,522,2208,2262
2019,Wheat,West Bengal,715,21.5,15796,3026,5582,2980,2764
2018,Cotton,Manipur,462,21.4,38432,3383,5407,3285,3103
2019,Sugarcane,Karnataka,830,32.6,23532,2180,9809,2088,2101
2020,Ground Nuts,Chhattisgarh,609,33.3,41874,1892,907,2012,1822
2019,Paddy,Meghalaya,662,33.9,32929,3032,9543,3511,3519
2021,Barley,Nagaland,870,32.7,35042,3788,4610,3797,3516
2020,Wheat,Goa,642,21.6,20560,1998,5685,1997,1986
2021,Barley,Goa,1047,33.1,12750,3039,3337,3425,3675
2019,Millets,Madhya Pradesh,485,31.0,28058,1902,5724,1750,1756
2018,Cotton,Mizoram,1115,29.1,37986,2297,8253,2497,2832
2019,Barley,Haryana,651,27.4,44864,1546,4431,1436,1366
2022,Paddy,Himachal Pradesh,1141,28.4,21450,1882,5433,2262,2075
2020,Sugarcane,Goa,437,21.1,22297,3944,9423,4143,4489
2022,Ground Nuts,Sikkim,998,34.7,25657,3040,6401,3057,3133
2020,Millets,Arunachal Pradesh,753,26.4,47437,3674,7319,3955,3914
2019,Millets,Uttarakhand,881,22.3,37024,3926,8677,3819,3447
2022,Ground Nuts,Arunachal Pradesh,773,24.9,14907,3195,9955,3009,3289
2020,Oil Seeds,Uttarakhand,1040,32.4,37724,2942,8042,3042,3107
2021,Sugarcane,Tripura,922,29.4,28441,3505,8950,3730,3603
2020,Ground Nuts,Manipur,858,23.3,28611,2225,2409,2463,2628
2022,Sugarcane,Tripura,810,25.1,35992,1689,2640,1527,1405
2018,Oil Seeds,Uttarakhand,969,31.3,33720,3344,9875,3548,3545
2019,Pulses,Telangana,974,27.4,46346,3789,1888,3702,3613
2020,Cotton,West Bengal,934,31.9,38014,2338,1996,2506,2621
2018,Maize,Himachal Pradesh,628,34.1,33572,2375,4802,2410,2171
2018,Oil Seeds,Bihar,567,22.2,24551,2732,1465,2564,2861
2021,Ground Nuts,Chhattisgarh,489,29.4,23617,3726,3825,3717,3498
2020,Sugarcane,Karnataka,1149,31.0,43388,1872,7358,1863,1783
2021,Millets,Karnataka,1073,30.9,10615,2653,4377,3144,3008
2022,Barley,Nagaland,796,20.9,42522,3524,9022,3974,4131
2022,Paddy,Jharkhand,945,28.1,10071,2302,3283,2565,2553
2021,Barley,Sikkim,1158,25.6,46698,2888,1507,2770,2815
2018,Paddy,Uttarakhand,587,25.9,11356,3447,9246,3840,4098
2022,Tobacco,Rajasthan,1017,21.4,11909,1697,9046,1663,1803
2022,Tobacco,Nagaland,423,33.5,41440,1800,3951,2124,2013
2019,Millets,Bihar,716,29.4,11278,2266,1141,2733,3071
2022,Wheat,Kerala,1135,25.7,47572,3890,4574,3711,3424
2022,Oil Seeds,Punjab,586,31.2,49666,2517,9983,2704,2693
2022,Maize,Uttarakhand,637,30.4,23454,3220,3470,3313,3594
2022,Cotton,Meghalaya,1104,21.3,18415,1970,7706,2218,2175
2022,Sugarcane,Chhattisgarh,800,24.4,38873,3235,2185,3110,2896
2019,Millets,Maharashtra,810,32.4,44479,3331,5921,3280,2956
2019,Sugarcane,Gujarat,1019,27.8,24009,2483,7147,2942,2709
2019,Tobacco,Assam,1136,22.4,18933,2515,3225,2630,2860
2020,Millets,Rajasthan,980,21.7,16137,2450,6064,2455,2468
2022,Barley,Kerala,500,33.1,38386,1595,4893,1417,1619
2020,Millets,Kerala,747,33.0,49833,1989,5313,1943,1794
2022,Millets,Nagaland,780,24.0,43425,2447,3335,2469,2648
2020,Pulses,Tamil Nadu,571,33.3,36853,3420,5507,3476,3353
2019,Pulses,Arunachal Pradesh,490,25.9,20257,2408,4181,2654,3011
2019,Ground Nuts,Andhra Pradesh,781,34.5,47793,1866,9424,1848,1816
2021,Ground Nuts,Uttar Pradesh,502,27.0,6347,3295,4821,3210,3655
2021,Maize,Haryana,1082,21.3,5164,2051,6196,2549,2559
2018,Sugarcane,Arunachal Pradesh,1138,32.7,8784,2632,1663,2461,2762
2018,Wheat,Meghalaya,848,29.1,17375,2280,6543,2260,2376
2018,Millets,Telangana,871,21.9,37844,1832,7853,2204,2164
2020,Paddy,Tamil Nadu,1048,25.8,33839,2610,9633,2994,3383
2020,Cotton,Uttarakhand,937,20.9,29671,2618,9175,2644,2432
2021,Ground Nuts,Sikkim,600,22.6,46848,3545,7875,3537,3764
2018,Wheat,Madhya Pradesh,844,23.7,18247,2429,4194,2485,2516
2019,Ground Nuts,Sikkim,576,23.3,20542,3649,4660,3892,3795
2022,Oil Seeds,Meghalaya,962,20.3,23909,1828,9628,1644,1691
2020,Pulses,Tripura,1192,27.4,42211,2134,7385,2207,2032
2020,Tobacco,Odisha,1187,31.5,11525,3285,3341,3764,3521
2019,Oil Seeds,Tamil Nadu,482,31.8,29993,3943,4819,3845,4206
2018,Millets,Madhya Pradesh,458,27.3,21687,2229,7602,2353,2368
2022,Cotton,Karnataka,955,30.4,38238,1738,6305,2112,2150
2020,Paddy,West Bengal,904,34.3,17388,1810,5761,1707,1748
2018,Paddy,Rajasthan,738,30.8,35996,2679,9156,3033,3331
2019,Ground Nuts,West Bengal,909,24.5,14196,3564,1191,3467,3523
2019,Cotton,Jharkhand,1006,29.0,7163,2923,6993,2980,3020
2019,Wheat,Arunachal Pradesh,1175,21.0,20211,1914,8371,2150,2066
2018,Cotton,West Bengal,757,22.2,32821,2377,1291,2381,2241
2021,Wheat,Andhra Pradesh,464,32.3,8647,2375,6512,2869,2919
2022,Oil Seeds,Kerala,1035,21.7,45090,2335,7105,2633,2425
2022,Pulses,Mizoram,446,21.5,8966,2228,5315,2187,2394
2022,Oil Seeds,Nagaland,1113,34.8,24026,2104,7735,1991,2086
2022,Paddy,Rajasthan,702,33.3,10853,3474,7056,3607,3809
2020,Tobacco,West Bengal,703,31.4,21571,2253,4847,2246,2440
2019,Sugarcane,Tripura,863,33.9,12941,3565,8070,4004,4389
2019,Oil Seeds,Nagaland,982,30.6,49517,2699,7874,3029,2957
2019,Maize,West Bengal,1073,29.6,48601,3494,2710,3443,3826
2020,Wheat,Nagaland,686,25.9,31714,2564,3996,2911,2735
2018,Tobacco,Andhra Pradesh,661,30.6,37139,2479,6058,2433,2610
2020,Millets,Uttar Pradesh,441,28.4,37087,3963,3594,4002,4053
2019,Barley,Manipur,1192,23.1,26198,2017,5443,1943,1954
2019,Cotton,Arunachal Pradesh,617,31.6,30979,3903,4817,3921,3898
2018,Barley,Andhra Pradesh,1114,20.8,48298,2909,9458,2875,2734
2021,Ground Nuts,Himachal Pradesh,1137,28.0,33505,2561,530,2906,3293
2019,Oil Seeds,Sikkim,1138,25.2,40428,2151,8526,2155,2003
2020,Paddy,Meghalaya,876,30.7,24634,2211,4760,2154,1946
2018,Wheat,Bihar,644,29.0,25870,3550,8795,3354,3212
2019,Tobacco,Sikkim,1038,32.5,9918,2233,4595,2085,2143
2018,Maize,Tamil Nadu,679,24.8,16485,2080,697,2204,2301
2018,Paddy,Madhya Pradesh,465,30.5,9833,2753,734,3055,3067
2022,Tobacco,Kerala,889,32.9,5229,3140,5999,3526,3451
2020,Paddy,Arunachal Pradesh,780,26.8,32340,2332,9128,2822,2607
2020,Pulses,Nagaland,848,32.5,42643,3512,6888,3346,3295
2022,Oil Seeds,Telangana,995,20.3,20676,3154,4013,3281,3618
2021,Barley,Meghalaya,763,33.2,6053,1606,8878,1863,1829
2022,Millets,Uttarakhand,984,21.5,35664,2881,1593,2998,2829
2022,Barley,Meghalaya,778,32.6,43123,1890,784,2353,2165
2019,Pulses,Tripura,812,29.7,44643,3661,711,3996,3730
2022,Wheat,Uttar Pradesh,522,33.5,14653,3251,1877,3311,3739
2022,Oil Seeds,Mizoram,934,24.5,20803,3439,4342,3541,3779
2022,Wheat,Nagaland,461,31.3,39849,3671,4876,3817,4361
2019,Cotton,Gujarat,1161,33.5,37184,2360,6614,2302,2118
2019,Wheat,Andhra Pradesh,871,25.0,13932,3802,7394,4086,3993
2019,Cotton,Madhya Pradesh,1185,28.2,47179,3729,6431,3552,3236
2019,Maize,Arunachal Pradesh,1175,28.5,42868,2931,9051,3244,3440
2020,Maize,Sikkim,407,29.2,27452,3190,3299,3405,3913
2021,Ground Nuts,Tamil Nadu,1134,24.7,23003,2132,1484,2517,2442
2021,Wheat,Sikkim,1189,26.2,13741,2222,4973,2133,2196
2019,Wheat,Karnataka,616,32.2,43593,3245,2148,3310,3145
2019,Tobacco,Tamil Nadu,1102,31.4,35279,2099,7354,2314,2613
2019,Maize,Uttarakhand,1007,32.4,44334,1698,6122,1945,1843
2021,Wheat,Arunachal Pradesh,1188,20.0,10457,3723,7066,4000,4280
2020,Maize,Gujarat,1092,28.0,37010,1611,2720,2032,2185
2020,Barley,Nagaland,792,24.4,32779,2201,8405,2421,2460
2022,Oil Seeds,Bihar,493,34.0,31096,2899,2396,3223,3036
2020,Sugarcane,Uttarakhand,411,30.5,13820,3274,2832,3135,3417
2018,Millets,Rajasthan,774,24.6,17406,1957,7084,2187,2112
2022,Maize,Uttar Pradesh,624,29.4,44865,3354,6492,3286,3013
2020,Barley,Sikkim,1044,31.6,14404,2505,4435,2434,2794
2022,Tobacco,Sikkim,575,28.5,27250,1788,5585,2242,2180
2020,Wheat,Jharkhand,873,20.3,39700,3590,1040,3763,3930
2018,Maize,Gujarat,1063,32.5,40416,1543,2975,1359,1487
2019,Oil Seeds,Haryana,1138,26.2,47831,1534,3246,1685,1591
2019,Millets,Tripura,915,29.8,23199,3269,3578,3461,3651
2018,Cotton,Assam,679,21.9,37482,3586,1100,3586,4061
2018,Cotton,Punjab,696,34.1,28508,1653,9974,1460,1331
2021,Cotton,Tripura,944,29.9,7913,3387,7825,3458,3334
2022,Maize,Bihar,1160,22.7,17240,3538,3134,3503,3636
2019,Oil Seeds,Rajasthan,857,27.0,34122,3469,2282,3654,3296
2021,Sugarcane,Himachal Pradesh,1182,30.9,18627,2222,3666,2456,2625
2020,Maize,Haryana,926,34.4,12302,2414,517,2666,2507
2018,Oil Seeds,Haryana,717,29.6,18384,2571,8605,2823,2568
2022,Maize,Manipur,1109,24.3,9805,3660,4219,3867,4389
2018,Oil Seeds,Tripura,664,32.7,48316,3304,8536,3374,3326
2021,Millets,Bihar,903,29.8,17073,1814,4124,1639,1760
2020,Ground Nuts,Gujarat,1178,21.7,48946,1783,7809,1669,1892
2022,Sugarcane,Manipur,775,23.1,22509,2895,8952,2970,2741
2020,Tobacco,Arunachal Pradesh,1200,27.8,22268,3750,3120,3974,4327
2022,Paddy,Madhya Pradesh,1058,30.6,43936,1619,8969,2114,2226
2022,Wheat,Odisha,601,26.6,9991,3548,6902,3725,3759
2019,Ground Nuts,Nagaland,578,21.0,27720,3564,1686,3429,3183
2018,Pulses,Tripura,956,33.0,9112,2852,5501,3197,3069
2020,Oil Seeds,Madhya Pradesh,995,26.3,47650,2432,9911,2781,2718
2019,Ground Nuts,Chhattisgarh,1026,30.8,40965,2075,7755,2563,2453
2020,Wheat,Andhra Pradesh,683,23.1,34671,2409,945,2407,2213
2018,Cotton,Andhra Pradesh,1115,30.8,12184,2329,7042,2275,2052
2018,Wheat,Andhra Pradesh,449,32.0,19047,2458,7687,2880,2694
2019,Tobacco,Andhra Pradesh,810,34.5,32529,3162,1166,3033,3202
2020,Sugarcane,Haryana,497,20.9,42420,2581,8350,3000,3237
2020,Barley,Chhattisgarh,752,27.5,37196,2250,7687,2328,2528
2021,Oil Seeds,Goa,779,23.3,34507,3575,7893,3851,3943
2022,Pulses,Uttar Pradesh,642,30.2,13574,3325,5586,3231,2995
2018,Wheat,Punjab,692,24.0,13874,2919,8527,2740,2949
2020,Wheat,Tamil Nadu,695,20.5,9665,3283,6395,3769,4310
2018,Barley,Assam,890,27.3,39846,1566,748,1429,1446
2021,Wheat,Mizoram,523,34.9,24670,1540,5983,1577,1705
2021,Oil Seeds,Mizoram,851,22.8,30103,1883,5940,1796,1662
2022,Millets,Kerala,1193,33.4,37218,2700,6487,3090,3457
2020,Maize,Assam,1041,32.8,40837,2300,4780,2405,2716
2020,Wheat,Meghalaya,1081,33.1,14692,2929,721,3120,3441
2020,Pulses,Gujarat,670,22.3,13755,3955,6459,3794,3606
2020,Maize,Telangana,417,28.4,9724,1677,9687,1971,2154
2020,Oil Seeds,Andhra Pradesh,1000,29.4,20310,1840,8295,2231,2235
2020,Cotton,Uttar Pradesh,1200,29.7,8855,2892,1010,2759,2731
2018,Tobacco,Telangana,408,20.6,35545,3760,2806,3908,3577
2018,Tobacco,Assam,585,28.4,28645,1616,6698,1798,2039
2019,Wheat,Assam,442,34.2,25137,2806,8041,3051,3450
2019,Maize,Tripura,729,31.3,18081,1884,7318,1828,1812
2018,Tobacco,Chhattisgarh,1008,34.6,8591,3498,7120,3935,3575
2018,Millets,Jharkhand,954,27.4,5898,2244,1297,2494,2613
2019,Oil Seeds,Bihar,805,27.8,21208,3645,8172,4034,4272
2018,Maize,Goa,1111,23.2,31302,3288,9538,3396,3449
2021,Pulses,Jharkhand,1175,23.6,5499,2899,7181,3032,3036
2018,Paddy,Punjab,531,26.0,39715,3889,730,3710,3954
2018,Ground Nuts,Karnataka,1131,25.0,9123,1817,3060,1769,1811
2020,Sugarcane,West Bengal,718,34.1,40090,2436,5345,2710,2990
2020,Wheat,Mizoram,970,24.4,35228,2449,5730,2795,2854
2018,Wheat,Gujarat,566,29.3,29998,1831,9204,1970,2139
2020,Barley,Odisha,926,22.9,48054,2598,7034,2417,2479
2020,Wheat,Madhya Pradesh,739,33.5,28340,2479,4908,2952,3369
2018,Sugarcane,Chhattisgarh,609,24.5,19410,3681,8664,3691,4163
2022,Maize,Gujarat,736,20.6,32200,2296,7706,2680,2438
2019,Wheat,Punjab,744,24.6,42166,2386,5019,2871,3201
2022,Tobacco,Bihar,1047,28.5,29375,2210,6482,2452,2547
2021,Paddy,Uttarakhand,1172,29.3,10085,1556,979,1765,1716
2020,Wheat,Uttarakhand,1034,29.1,29494,2701,8571,2815,3119
2022,Cotton,Jharkhand,491,31.1,40733,2770,6973,2792,2903
2019,Barley,Rajasthan,1063,33.8,29637,3503,2100,3482,3621
2021,Sugarcane,Telangana,1070,29.6,12312,2125,8971,2211,2348
2019,Pulses,Uttarakhand,957,28.9,10692,2709,8204,2804,2900
2019,Tobacco,Manipur,1083,32.8,8695,2532,8046,2941,3046
2021,Pulses,Bihar,855,22.1,9211,3816,8347,4253,4683
2022,Tobacco,Haryana,576,21.9,36764,2335,5799,2336,2504
2020,Cotton,Odisha,731,24.8,20208,3769,5684,4041,4189
2021,Millets,Nagaland,673,33.8,6331,3079,3102,3343,3274
2018,Barley,Goa,1035,23.0,38110,3944,8741,4234,4850
2021,Millets,Andhra Pradesh,1196,32.1,26753,2376,2475,2432,2626
2018,Paddy,Himachal Pradesh,873,34.2,49465,2342,9168,2536,2884
2020,Wheat,Chhattisgarh,1055,29.8,29527,1991,4010,2318,2416
2021,Ground Nuts,Kerala,736,24.6,33224,2837,1762,2840,3180
2018,Millets,Nagaland,1006,31.8,12551,2440,2028,2431,2527
2018,Barley,Uttar Pradesh,729,25.4,41388,3485,4113,3340,3249
2020,Cotton,Haryana,1012,33.4,47059,2195,1422,2572,2540
2019,Millets,Chhattisgarh,852,22.8,32236,3326,3161,3327,3182
2019,Cotton,Punjab,1000,20.4,34045,2031,4884,2403,2402
2022,Pulses,Jharkhand,416,27.7,10292,3757,5530,3627,3374
2020,Tobacco,Nagaland,444,30.1,17861,3404,7656,3894,3608
2018,Wheat,Mizoram,995,24.7,20823,2836,2974,3193,3623
2022,Millets,Madhya Pradesh,676,29.8,18326,1583,8694,1686,1703
2018,Maize,Karnataka,1182,23.1,13524,2520,4845,2687,2944
2018,Pulses,Bihar,677,29.3,29559,1697,3692,2040,2247
2020,Pulses,Kerala,775,33.1,31641,2909,6282,3108,2955
2021,Wheat,Bihar,420,31.8,48603,3187,2108,3207,3583
2018,Wheat,Odisha,470,23.1,28138,3469,6191,3850,4336
2022,Maize,Haryana,905,33.9,38881,1992,4702,2356,2304
2018,Oil Seeds,Chhattisgarh,578,31.2,29682,2914,8166,3235,3210
2019,Wheat,Sikkim,546,25.5,32745,3481,5931,3683,4017
2018,Cotton,Gujarat,851,24.6,47537,2598,8962,2459,2380
2021,Millets,Arunachal Pradesh,607,24.3,39790,2192,2322,2684,2549
2020,Pulses,Uttar Pradesh,1155,27.8,39487,1574,6252,1785,1807
2022,Millets,Bihar,1131,24.1,10126,3853,6355,3720,3910
2018,Millets,Mizoram,552,24.4,26603,1545,4767,1529,1452
2018,Barley,Madhya Pradesh,516,29.5,8156,3834,9094,3874,3832
2021,Barley,Madhya Pradesh,758,27.8,10409,1605,1880,1497,1360
2018,Tobacco,Haryana,512,27.2,46045,2654,4782,2649,2581
2022,Cotton,Arunachal Pradesh,1140,20.3,48978,1750,2210,2167,2322
2018,Wheat,Jharkhand,926,30.9,17539,3028,9689,3298,3763
2022,Pulses,Maharashtra,981,31.6,29140,2570,9557,2644,2432
2019,Cotton,Sikkim,849,20.4,35137,3511,754,3530,3889
2020,Paddy,Manipur,445,27.2,23952,3553,6347,4025,4031
2019,Millets,Meghalaya,431,26.0,45538,2793,1667,3035,3160
2018,Maize,Meghalaya,929,22.9,15000,3261,7416,3142,2900
2018,Wheat,Tamil Nadu,791,32.3,5370,1839,6988,1854,1711
2018,Ground Nuts,West Bengal,475,28.6,36771,2393,689,2687,2677
2019,Wheat,Madhya Pradesh,681,21.4,34088,1538,6761,1909,1828
2020,Sugarcane,Meghalaya,792,21.4,39248,2159,6460,2411,2772
2019,Paddy,Assam,445,20.3,31052,3667,2973,3924,4130
2018,Pulses,Himachal Pradesh,623,27.7,16890,3894,3677,3981,3819
2021,Millets,Uttarakhand,1182,27.1,8364,3214,2490,3386,3843
2020,Maize,Kerala,683,32.5,13885,2842,905,2745,2906
2020,Pulses,West Bengal,751,32.8,43979,3350,8268,3343,3755
2020,Ground Nuts,Telangana,730,30.8,14349,2353,7267,2642,2868
2022,Cotton,Odisha,472,29.7,13402,3681,9003,3539,3714
2018,Tobacco,Jharkhand,860,25.9,14700,3825,1187,3649,4064
2019,Barley,Kerala,996,32.4,29425,2749,1042,2949,3261
2018,Oil Seeds,Gujarat,1000,31.2,21886,1907,9667,2158,2042
2022,Cotton,Maharashtra,415,22.6,24278,2056,3921,1911,2170
2020,Oil Seeds,West Bengal,881,23.3,26303,1529,2362,2012,1840
2022,Oil Seeds,Uttarakhand,973,28.1,42423,1614,5634,1799,1927
2018,Barley,West Bengal,441,22.7,31374,1868,4856,1969,2052
2022,Oil Seeds,Himachal Pradesh,698,30.7,23817,2912,8376,2803,2529
2022,Cotton,Telangana,1194,30.2,11925,2546,1639,2502,2610
2022,Ground Nuts,Chhattisgarh,1156,28.4,7587,2704,7927,2878,2772
2020,Tobacco,Maharashtra,562,34.1,49786,2976,7267,2993,3095
2020,Millets,Karnataka,428,22.9,26806,2319,9257,2128,2357
2019,Tobacco,Haryana,606,23.5,15768,3987,4318,4444,4768
2018,Paddy,Sikkim,412,26.2,20472,2592,4418,2448,2554
2022,Tobacco,Chhattisgarh,998,30.3,42678,2301,2871,2245,2126
2018,Tobacco,Tripura,1061,29.8,28124,2064,7809,2410,2287
2018,Oil Seeds,West Bengal,759,33.6,22260,2501,3900,2845,3084
2020,Paddy,Punjab,428,24.9,33527,2847,2511,3324,3225
2018,Millets,Karnataka,706,29.1,6343,1626,2899,1445,1328
2022,Sugarcane,Arunachal Pradesh,587,25.0,32230,2623,3698,2915,2678
2020,Cotton,Goa,1022,22.4,49822,1969,6904,2054,2310
2018,Millets,Tamil Nadu,602,28.2,21255,3748,5080,4208,4719
2021,Pulses,Punjab,1162,22.7,33964,3119,5760,3201,3276
2021,Tobacco,Mizoram,600,26.3,47405,2508,6720,2928,2718
2018,Barley,Gujarat,1049,27.7,32061,1821,8157,2036,1897
2018,Wheat,Himachal Pradesh,610,26.5,14812,2007,3414,2122,2340
2022,Oil Seeds,Manipur,567,28.1,47218,3833,3479,4096,3994
2018,Maize,Bihar,471,33.8,14634,3324,5793,3810,3985
2020,Millets,Mizoram,612,34.0,35469,3328,1693,3168,3262
2021,Pulses,Tripura,992,30.8,30214,2343,3569,2398,2426
2019,Oil Seeds,Madhya Pradesh,527,30.2,40049,2672,8524,2886,2992
2019,Barley,Madhya Pradesh,722,23.8,29334,2922,9441,2723,2561
2020,Sugarcane,Manipur,659,31.9,26972,3747,3238,4053,3936
2020,Sugarcane,Jharkhand,492,28.7,33019,3161,736,3540,3233
2021,Oil Seeds,Andhra Pradesh,1045,28.0,11040,3873,3940,4125,4188
2021,Millets,Tamil Nadu,874,29.1,41273,3681,6943,4095,4211
2021,Cotton,Assam,707,27.4,36545,2261,2895,2438,2272
2021,Cotton,Madhya Pradesh,765,29.1,46499,2708,5769,2695,2723
2018,Maize,Haryana,1180,24.3,22147,2758,7582,3238,2916
2018,Millets,Haryana,676,20.1,42335,2511,4841,2690,2566
2022,Pulses,Telangana,790,23.9,42697,2792,7985,3230,3625
2018,Barley,Haryana,716,31.1,32647,2061,9782,2420,2661
2019,Wheat,Maharashtra,883,34.4,24624,3457,1851,3585,3629
2021,Ground Nuts,Bihar,953,25.4,40859,2210,4426,2099,2036
2020,Barley,Goa,482,29.7,32576,2156,8510,2547,2736
2022,Barley,Tamil Nadu,880,32.4,37070,2706,5496,3050,2952
2021,Sugarcane,Mizoram,629,27.0,35740,3517,8716,3737,4214
2019,Millets,Kerala,503,29.1,46368,1975,6150,2281,2348
2020,Maize,Manipur,447,28.6,13074,3862,1089,3841,4168
2020,Wheat,Assam,642,28.0,37726,3443,1125,3376,3469
2020,Millets,Tamil Nadu,464,25.0,49467,1501,8400,1691,1607
2022,Oil Seeds,Arunachal Pradesh,644,21.7,42532,2036,7024,2148,2244
2021,Paddy,West Bengal,1002,22.5,27503,1996,4889,2257,2354
2022,Sugarcane,Haryana,485,28.0,14090,3710,9968,3919,4274
2019,Oil Seeds,Himachal Pradesh,415,22.7,21238,3791,7870,4142,4589
2022,Millets,Jharkhand,552,27.7,41910,3430,929,3607,4112
2021,Tobacco,Goa,1199,20.8,44071,3863,1956,3960,3985
2022,Ground Nuts,Haryana,780,21.4,5350,3044,3705,3280,3434
2018,Barley,Jharkhand,1074,23.1,37091,3072,6259,3098,2960
2019,Paddy,West Bengal,693,26.6,24956,2181,9138,2668,2661
2020,Barley,Telangana,1113,31.1,12757,3974,4263,4049,4232
2020,Wheat,Gujarat,566,29.1,8436,1688,5519,1637,1826
2021,Millets,Gujarat,847,24.2,35672,3481,9902,3862,3611
2020,Sugarcane,Punjab,1053,24.9,22502,3475,736,3642,3409
2021,Sugarcane,Uttarakhand,1019,24.1,23597,2918,6882,3196,3303
2018,Millets,Goa,768,30.0,27263,1836,3203,2044,2176
2018,Wheat,Uttar Pradesh,1132,27.4,22242,2730,2110,2803,2850
2020,Oil Seeds,Manipur,734,23.7,5071,2980,1559,2988,2950
2021,Wheat,Karnataka,524,33.2,23368,2832,6983,2925,3076
2018,Millets,Sikkim,787,34.9,34948,1720,8642,1525,1695
2018,Tobacco,Rajasthan,533,28.8,19150,2760,5858,3213,3685
2018,Cotton,Maharashtra,500,34.3,42273,3210,2910,3235,3028
2022,Barley,Odisha,523,31.8,26289,3682,1004,3797,4193
2019,Ground Nuts,Goa,508,26.4,36574,1571,4484,1458,1491
2022,Millets,Assam,1164,33.8,13051,2094,2971,2330,2497
2018,Oil Seeds,Karnataka,708,21.4,13728,2586,8267,2942,3160
2021,Sugarcane,Sikkim,515,21.8,13687,1661,9566,1937,2064
2018,Oil Seeds,Tamil Nadu,682,25.0,5708,3900,9917,3765,4040
2022,Ground Nuts,Uttarakhand,1191,20.6,30306,2268,5551,2305,2627
2022,Wheat,Meghalaya,491,28.5,49649,1968,6654,2043,2227
2021,Paddy,Arunachal Pradesh,1168,21.5,33949,1716,7932,1526,1523
2018,Pulses,Andhra Pradesh,1036,23.5,15858,2224,5942,2061,2170
2019,Pulses,Madhya Pradesh,523,23.6,18919,3424,5692,3829,4294
2021,Tobacco,Arunachal Pradesh,1039,28.8,42025,3380,8834,3409,3813
2020,Paddy,Himachal Pradesh,905,29.5,20129,2731,4383,2623,2891
2018,Cotton,Telangana,1102,34.5,5001,2259,2812,2460,2308
2019,Ground Nuts,Uttar Pradesh,484,31.8,24512,3931,500,3773,3521
2019,Paddy,Haryana,794,20.9,12128,3427,1154,3235,3425
2021,Barley,Haryana,796,33.0,44584,3715,5984,4041,3999
2022,Sugarcane,Andhra Pradesh,717,24.5,39791,2656,1046,2689,2920
2019,Millets,Tamil Nadu,619,27.0,17738,2508,8036,2458,2598
2022,Cotton,Himachal Pradesh,1034,27.4,28082,3788,4817,3751,3887
2021,Millets,Rajasthan,1163,28.4,43749,3135,6357,3480,3611
2019,Pulses,Maharashtra,509,33.8,22132,1585,6140,1878,2141
2020,Oil Seeds,Jharkhand,565,23.2,12621,2016,4042,2201,2255
2022,Ground Nuts,Mizoram,713,23.9,15621,2127,2808,2627,2788
2018,Sugarcane,Maharashtra,959,27.2,49432,3164,3235,3276,3552
2019,Wheat,Nagaland,768,25.8,20787,2169,9769,2087,2099
2021,Tobacco,Odisha,722,30.5,7269,2821,2191,3217,3176
2020,Cotton,Kerala,750,26.2,9865,3309,5888,3379,3052
2022,Cotton,Nagaland,900,30.7,41141,2495,7037,2363,2615
2020,Ground Nuts,Tamil Nadu,661,21.8,37424,2508,6477,2367,2279
2020,Barley,Karnataka,681,32.6,46587,1768,3269,1582,1447
2019,Maize,Sikkim,738,33.7,28411,2644,9605,2932,2778
2018,Sugarcane,Mizoram,1035,33.3,27799,3444,5562,3717,3721
2022,Ground Nuts,Tamil Nadu,701,23.1,20969,2315,8683,2454,2572
2020,Paddy,Haryana,1143,34.9,5481,3425,3894,3829,3625
2021,Ground Nuts,Goa,872,23.7,13552,3917,5596,3792,4195
2021,Ground Nuts,West Bengal,799,31.7,25958,2417,725,2840,2897
2021,Paddy,Tripura,559,30.9,28705,2155,8227,2651,2812
2021,Maize,Assam,435,22.3,44811,2234,6361,2122,2271
2022,Tobacco,West Bengal,1064,23.6,11734,2085,4889,1957,1875
2018,Millets,Andhra Pradesh,419,29.5,23304,2307,7452,2291,2311
2020,Barley,Uttarakhand,573,29.4,15461,3027,2524,3126,2849
2020,Millets,Chhattisgarh,650,23.6,45427,2649,7394,2470,2226
2021,Tobacco,Tripura,1102,34.3,41867,3475,5198,3308,3043
2019,Barley,Chhattisgarh,914,26.9,7243,2741,4038,2770,2792
2020,Cotton,Meghalaya,1085,23.3,12449,1710,8262,1544,1507
2020,Pulses,Karnataka,845,27.1,48294,1802,9222,2030,1895
2019,Ground Nuts,Arunachal Pradesh,641,32.8,46843,2498,7977,2874,2588
2021,Maize,Manipur,488,28.3,7899,2114,6355,2406,2273
2021,Cotton,Telangana,425,22.0,11567,2222,7497,2383,2177
2021,Cotton,Rajasthan,782,28.6,37426,3207,3400,3669,3588
2018,Barley,Telangana,1148,29.5,43435,3705,8466,3720,3480
2021,Sugarcane,Andhra Pradesh,1163,30.2,48418,2282,3658,2295,2571
2021,Millets,Uttar Pradesh,1079,33.0,40076,2922,3901,3252,3609
2019,Pulses,Goa,640,23.8,39624,2396,8896,2785,2530
2021,Pulses,Odisha,444,32.0,31788,2808,2326,2808,3115
2021,Wheat,Chhattisgarh,913,24.4,17005,3799,2136,4299,4160
2018,Ground Nuts,Madhya Pradesh,651,31.1,26031,3011,1447,2872,3268
2019,Oil Seeds,Punjab,875,29.6,13507,1866,6517,2337,2328
2021,Sugarcane,Tamil Nadu,860,21.2,20364,2463,2504,2616,2514
2018,Sugarcane,Sikkim,981,33.6,23644,1872,3462,1705,1723
2021,Wheat,Rajasthan,1078,27.4,5484,2949,6886,3279,3167
2022,Oil Seeds,Rajasthan,1097,34.7,37760,2063,3856,2463,2538
2019,Maize,Madhya Pradesh,926,29.8,33437,2266,6068,2389,2395
2019,Tobacco,Rajasthan,429,27.4,32678,2566,1742,2375,2237
2022,Cotton,Andhra Pradesh,482,32.4,47248,3257,4207,3458,3868
2018,Wheat,Rajasthan,927,30.7,48403,3204,3001,3157,3126
2022,Millets,Maharashtra,1158,22.9,26525,1930,2429,2053,1973
2018,Oil Seeds,Rajasthan,419,31.0,21520,2493,9258,2858,3163
2022,Barley,Haryana,436,20.5,45714,1917,880,1754,1988
2022,Paddy,Uttarakhand,588,29.8,44162,3709,9999,4199,4821
2018,Tobacco,Punjab,729,31.4,41212,3492,1883,3924,4284
2020,Barley,Tripura,992,22.1,12666,1633,6175,1958,2028
2018,Cotton,Haryana,581,22.4,11272,3867,8655,3841,3808
2018,Barley,Maharashtra,568,25.3,23329,3110,7369,2958,3021
2020,Maize,Odisha,572,29.3,41994,3367,6300,3449,3111
2021,Wheat,Assam,887,28.8,29586,1876,1517,2360,2290
2021,Cotton,Uttar Pradesh,782,35.0,22590,3766,8132,4067,3731
2020,Maize,Goa,953,28.6,14564,3870,1026,4003,4387
2022,Barley,Manipur,988,32.8,45373,3205,9564,3704,3668
2019,Barley,Tamil Nadu,1195,33.9,12657,2674,4541,2812,2823
2021,Barley,Manipur,440,24.3,13689,1797,2909,1679,1787
2018,Sugarcane,Madhya Pradesh,1051,23.4,44841,2107,8396,1913,1920
2022,Wheat,Karnataka,1163,27.8,26440,1581,7995,1725,1669
2021,Pulses,Andhra Pradesh,728,26.6,5187,1769,1860,1642,1720
2022,Pulses,Gujarat,840,29.3,21222,2984,7466,3011,2778
2020,Pulses,Odisha,1191,31.0,10419,1568,1650,1639,1823
2019,Sugarcane,Jharkhand,728,21.9,20531,1761,1280,2252,2047
2019,Barley,Goa,1025,32.6,30409,2793,3339,2924,3258
2019,Sugarcane,Odisha,652,22.1,16038,3237,552,3442,3812
2021,Tobacco,Uttarakhand,756,31.5,46935,1807,7964,1656,1652
2019,Pulses,Nagaland,715,31.0,45212,2963,2085,3110,2824
2022,Tobacco,Odisha,676,30.1,36877,3209,4346,3272,3567
2019,Wheat,Bihar,1143,24.9,32931,2250,818,2263,2129
2019,Sugarcane,Haryana,477,29.5,42482,1881,8057,2289,2538
2018,Maize,Andhra Pradesh,1079,32.2,37154,2312,956,2350,2306
2021,Sugarcane,Jharkhand,884,24.1,44169,2973,4304,3461,3403
2019,Oil Seeds,Chhattisgarh,1098,33.7,8424,2402,9228,2467,2670
2020,Tobacco,Uttar Pradesh,957,28.2,44234,2123,2558,1924,2150
2020,Tobacco,Punjab,808,33.7,37956,1860,3401,2311,2285
2022,Maize,Rajasthan,563,20.7,44945,2089,3081,2410,2718
2019,Cotton,Meghalaya,697,30.0,41245,2762,1177,3006,2834
2022,Wheat,Haryana,713,23.4,46922,2409,8765,2652,2609
2018,Cotton,Goa,952,33.2,8443,3733,1975,3782,3995
2020,Ground Nuts,Arunachal Pradesh,1093,29.9,36557,2666,9433,3007,2999
2022,Ground Nuts,Jharkhand,448,34.4,28705,1800,8012,2044,2163
2022,Paddy,Assam,1006,32.9,26867,3718,1138,3547,3649
2021,Oil Seeds,Sikkim,848,25.5,34459,2574,3441,2529,2368
2018,Millets,Meghalaya,590,27.2,21539,1793,8356,2174,2306
2019,Ground Nuts,Madhya Pradesh,516,28.7,29623,3676,5336,3702,3795
2018,Paddy,Kerala,779,30.6,8055,1538,1964,1561,1639
2018,Barley,Bihar,651,24.9,23546,2344,6197,2276,2252
2019,Cotton,Rajasthan,597,23.8,43419,3892,1082,3935,3703
2020,Ground Nuts,Sikkim,998,28.2,21213,2987,2340,2873,2692
2020,Pulses,Himachal Pradesh,757,32.2,31359,1980,6935,2458,2439
2018,Cotton,Himachal Pradesh,776,32.8,9210,2064,3875,2514,2587
2022,Tobacco,Telangana,669,25.3,37029,3451,6331,3426,3933
2018,Barley,Mizoram,1150,23.0,40194,2360,8958,2824,3021
2020,Wheat,Telangana,597,34.8,35247,1559,6028,1580,1483
2022,Pulses,Manipur,482,21.1,13243,2052,9030,1926,1820
2020,Barley,Meghalaya,849,22.5,36435,2034,2142,1839,2087
2019,Millets,Jharkhand,962,23.6,47907,3545,2748,3577,3598
2018,Pulses,Tamil Nadu,569,27.2,40862,2008,2980,1984,2093
2018,Tobacco,Gujarat,564,25.6,14296,2889,3768,3323,3414
2020,Maize,Nagaland,991,26.4,47562,3982,7563,4016,3622
2018,Ground Nuts,Kerala,852,20.3,5276,3098,4126,3587,3510
2018,Tobacco,West Bengal,594,21.0,15148,2375,8120,2458,2273
2021,Tobacco,Kerala,1184,26.9,46220,1883,888,2326,2417
2019,Millets,Arunachal Pradesh,446,23.7,41645,2582,5489,2908,2918
2022,Millets,Tripura,604,27.1,40849,3962,4559,4331,4850
2021,Oil Seeds,Punjab,704,33.3,41959,1793,5710,1645,1783
2019,Paddy,Nagaland,789,24.2,26699,3346,780,3419,3590
2019,Maize,Bihar,725,31.9,48265,2169,4278,2454,2777
2020,Millets,Punjab,1037,33.7,17533,1817,8307,1975,1877
2019,Sugarcane,Goa,458,31.6,45531,1975,1795,2066,2194
2019,Maize,Nagaland,850,22.0,34603,2087,2068,2530,2676
2022,Sugarcane,Odisha,550,22.5,24160,1993,8426,2392,2535
2019,Oil Seeds,Assam,1179,30.6,35311,3803,3736,3799,3624
2019,Tobacco,Karnataka,725,20.3,22989,1788,2534,1664,1529
2018,Ground Nuts,Manipur,1199,31.2,27099,2746,4061,2722,2576
2018,Wheat,Assam,498,34.0,7877,1667,2213,2024,2098
2019,Ground Nuts,Odisha,470,24.4,16606,3723,8994,3934,3771
2018,Wheat,Nagaland,775,27.8,29543,3765,4098,3765,3967
2021,Sugarcane,Maharashtra,700,34.4,49572,3211,1748,3311,3065
2022,Sugarcane,Meghalaya,781,21.7,36526,3621,9954,4092,4658
2021,Ground Nuts,Arunachal Pradesh,871,21.7,13881,2407,2008,2474,2235
2022,Maize,Meghalaya,915,27.7,11213,3963,5922,4032,4355
2018,Paddy,Meghalaya,537,26.7,14291,3983,6042,4124,4144
2018,Cotton,Meghalaya,1066,34.2,25369,3039,1736,2889,2901
2020,Tobacco,Bihar,962,23.0,28888,2401,7084,2606,2404
2018,Oil Seeds,Meghalaya,1055,28.0,11587,1972,771,1975,2242
2019,Sugarcane,Punjab,455,25.1,28894,1668,4337,2129,1929
2022,Tobacco,Arunachal Pradesh,1187,31.1,19533,3601,6186,3510,3755
2021,Cotton,Uttarakhand,456,27.4,10862,2850,2868,2681,2457
2020,Ground Nuts,Uttarakhand,832,21.3,19078,3717,9700,4073,3673
2019,Millets,Mizoram,842,29.4,46604,2125,1007,2433,2577
2021,Millets,Assam,870,21.4,12995,2815,4922,2897,2892
2018,Millets,Gujarat,1072,27.4,21491,3501,7781,3708,3606
2022,Maize,Goa,785,25.8,37025,1615,5885,1980,1995
2019,Paddy,Uttar Pradesh,720,24.7,5399,3393,537,3347,3739
2020,Cotton,Madhya Pradesh,860,20.9,44364,3777,5277,3706,3414
2020,Oil Seeds,Bihar,692,24.0,22079,2966,9442,2990,3023
2020,Wheat,Rajasthan,944,22.7,34744,2307,3019,2220,2265
2018,Tobacco,Sikkim,586,26.9,24616,2437,4135,2321,2166
2020,Wheat,Karnataka,772,20.8,47857,3527,4222,3808,3493
2018,Barley,Punjab,920,29.4,41347,1942,9667,2057,2247
2018,Oil Seeds,Manipur,438,33.1,41577,3575,5899,3750,3659
2018,Maize,Madhya Pradesh,840,21.6,6503,2645,2286,2775,2626
2021,Ground Nuts,Odisha,1113,22.2,46666,2687,954,2926,3021
2018,Cotton,Rajasthan,709,30.5,43794,3014,2272,3229,3321
2022,Wheat,Assam,735,30.0,26737,2253,894,2178,2424
2021,Ground Nuts,Andhra Pradesh,586,27.2,29615,3315,8258,3423,3814
2018,Pulses,Jharkhand,528,29.3,37862,2396,6119,2554,2713
2019,Millets,Telangana,1121,26.8,44919,2264,2440,2700,2639
2020,Ground Nuts,Tripura,917,33.4,19948,3452,9053,3833,4168
2021,Sugarcane,Assam,634,22.7,45809,3110,8644,3104,3473
2021,Paddy,Meghalaya,1130,26.1,45883,3687,9353,3524,3843
2020,Paddy,Tripura,838,21.9,17670,1855,894,2236,2347
2022,Sugarcane,Gujarat,955,21.1,12960,2374,7837,2260,2324
2020,Tobacco,Sikkim,992,26.1,45571,3073,5900,3038,3090
2020,Oil Seeds,Karnataka,529,23.7,45853,3022,1105,3424,3366
2020,Cotton,Jharkhand,539,27.8,9047,1672,4319,2103,2124
2019,Tobacco,Maharashtra,805,31.1,45828,3525,2227,3539,3447
2018,Maize,Tripura,504,22.3,25314,1612,700,1958,1874
2018,Pulses,Gujarat,896,29.8,19182,2211,4165,2271,2208
2019,Paddy,Madhya Pradesh,405,24.2,38593,1936,7780,2323,2327
2019,Ground Nuts,Haryana,833,28.3,41385,3210,5938,3538,3980
2018,Maize,Mizoram,659,20.9,8050,1977,9443,2136,2228
2022,Tobacco,Karnataka,908,28.4,12369,1791,6676,1887,1934
2021,Sugarcane,Manipur,1002,22.2,32496,3688,7904,3894,4021
2021,Oil Seeds,West Bengal,855,33.9,39032,2053,9400,2190,2510
2019,Sugarcane,Uttarakhand,532,21.2,24428,1960,8479,2459,2372
2018,Wheat,Goa,917,26.6,35425,2906,4432,2877,2884
2020,Tobacco,Telangana,924,23.1,7216,1744,6402,2058,2208
2021,Barley,Rajasthan,796,25.3,32966,1841,517,2185,2388
2022,Cotton,Punjab,732,27.9,22084,3442,805,3620,3608
2018,Tobacco,Uttar Pradesh,1053,23.9,12387,2850,9919,3115,3478
2018,Tobacco,Bihar,1008,30.9,38743,2464,8439,2714,2561
2020,Cotton,Chhattisgarh,1018,33.4,7732,1640,6929,1586,1433
2022,Cotton,Manipur,983,34.8,13117,2241,4573,2388,2373
2021,Cotton,Nagaland,501,33.0,37042,1902,5019,2186,2027
2021,Pulses,Chhattisgarh,608,30.8,15439,2172,5661,2039,2024
2020,Sugarcane,Kerala,726,29.4,48949,2983,5136,3021,2922
2018,Paddy,Nagaland,681,26.6,32799,2935,6764,3413,3396
2020,Wheat,West Bengal,905,31.0,23627,2026,6767,2083,2058
2019,Barley,Maharashtra,755,33.1,34072,2237,9683,2619,2358
2020,Paddy,Goa,977,32.5,11054,3204,4186,3225,3698
2020,Sugarcane,Maharashtra,648,32.2,8219,2170,5512,2611,2590
2022,Tobacco,Manipur,681,20.2,7202,1940,3137,1860,1759
2020,Cotton,Karnataka,1057,21.3,26078,2297,1425,2783,3122
2019,Barley,Jharkhand,974,30.0,15400,2179,7949,2540,2715
2020,Maize,Punjab,544,21.8,17992,3476,4892,3963,4412
2020,Maize,Andhra Pradesh,962,33.5,41449,2058,5759,1931,1956
2018,Paddy,Karnataka,1171,28.3,24695,2126,1452,2446,2757
2019,Ground Nuts,Jharkhand,1199,25.3,30110,1935,5422,2105,2049
2022,Cotton,Sikkim,788,29.7,26019,2328,9740,2401,2411
2021,Sugarcane,Chhattisgarh,688,25.4,24437,3504,7678,3332,3299
2019,Ground Nuts,Uttarakhand,1090,20.7,28318,2641,3449,2802,3089
2022,Oil Seeds,Sikkim,995,23.0,36385,2789,3614,2923,2698
2018,Sugarcane,Himachal Pradesh,723,30.8,16518,2038,3745,1998,1886
2020,Sugarcane,Sikkim,560,31.8,29499,2258,9611,2501,2449
2021,Pulses,Tamil Nadu,531,24.7,13595,1548,7207,1683,1544
2022,Millets,Sikkim,831,33.9,46495,3365,3934,3165,3118
2020,Barley,Madhya Pradesh,865,24.2,30876,3013,4167,2926,3163
2019,Tobacco,Nagaland,1062,34.6,29168,2585,8131,2726,2997
2018,Maize,Arunachal Pradesh,1102,25.1,8088,1790,6308,1590,1520
2019,Maize,Himachal Pradesh,744,24.9,37113,2068,9146,2120,1991
2018,Pulses,Uttar Pradesh,879,31.8,34526,2394,9771,2734,2553
2021,Ground Nuts,Madhya Pradesh,1060,21.0,42886,3660,762,3941,4407
2020,Oil Seeds,Gujarat,1026,22.7,12945,2819,7738,3073,2956
2022,Pulses,Assam,1069,34.7,5986,2990,5722,3468,3376
2022,Ground Nuts,Odisha,1104,26.9,31472,3174,6991,3579,3580
2020,Millets,Gujarat,690,31.4,45026,2765,3549,2874,3025
2020,Paddy,Sikkim,643,29.7,37736,2544,8409,2984,3204
2018,Barley,Manipur,614,32.2,27833,3325,7421,3197,3329
2020,Paddy,Uttar Pradesh,554,24.7,36166,2471,8163,2665,2769
2021,Maize,West Bengal,858,25.3,43295,3056,8457,3035,3237
2018,Paddy,Telangana,1025,33.9,5979,2290,6439,2309,2399
2019,Barley,Assam,609,20.9,32050,3852,7782,4320,4567
2022,Tobacco,Punjab,514,25.3,30771,3809,1798,3883,3645
2021,Barley,Karnataka,1019,24.5,15187,2556,2643,2708,2732
2019,Pulses,Odisha,865,30.6,40084,2750,2288,2882,3081
2021,Tobacco,Himachal Pradesh,850,25.2,47371,2720,5056,2979,3058
2020,Pulses,Maharashtra,552,31.2,14262,2941,8954,3039,2764
2022,Pulses,Karnataka,637,31.2,17993,3994,6921,4291,4465
2020,Cotton,Maharashtra,803,26.8,7408,1884,9788,2332,2410
2022,Wheat,West Bengal,415,31.5,9063,3095,5091,3404,3514
2019,Paddy,Punjab,1078,20.9,45860,2383,5603,2852,2847
2018,Maize,Assam,921,26.0,45416,3342,3125,3426,3688
2019,Paddy,Chhattisgarh,533,20.1,14848,3233,5251,3110,2898
2022,Sugarcane,Madhya Pradesh,602,26.8,18766,2791,9508,2874,2593
2019,Ground Nuts,Assam,469,31.3,9589,2468,9531,2940,3066
2019,Cotton,Kerala,458,32.1,5899,3378,8834,3844,3747
2019,Maize,Meghalaya,941,28.7,11098,3046,1448,2904,3006
2018,Oil Seeds,Punjab,1192,33.4,28152,2207,3983,2476,2780
2020,Pulses,Uttarakhand,840,31.2,9862,2341,8478,2342,2159
2022,Barley,Andhra Pradesh,846,24.4,16635,2784,1739,2652,2635
2021,Ground Nuts,Haryana,1102,33.6,42261,2859,1509,2824,2734
2022,Maize,Tripura,574,24.8,24472,3533,1245,3833,3591
2018,Barley,Himachal Pradesh,418,32.8,10124,3409,8017,3899,4061
2021,Millets,Haryana,624,22.3,13094,2420,5559,2573,2754
2021,Tobacco,Maharashtra,675,30.4,8226,3210,7440,3417,3162
2021,Tobacco,Meghalaya,1069,34.6,12160,2342,6129,2322,2358
2020,Tobacco,Haryana,570,34.3,24567,3998,8560,4042,3999
2022,Tobacco,Maharashtra,596,24.9,12921,3923,6538,4125,4720
2021,Wheat,Gujarat,683,27.6,19479,2213,8103,2110,2099
2018,Ground Nuts,Maharashtra,959,27.6,26422,3650,4357,3913,3571
2021,Ground Nuts,Meghalaya,939,20.3,47753,2778,939,2645,2623
2022,Tobacco,Jharkhand,639,24.5,48011,2675,2203,3165,2953
2022,Oil Seeds,West Bengal,868,29.3,8883,3209,7235,3681,3397
2020,Oil Seeds,Meghalaya,459,26.1,28416,3836,803,4162,3783
2019,Oil Seeds,Tripura,1093,34.6,9065,3038,8033,3162,3261
2020,Ground Nuts,Haryana,708,28.8,28497,2490,9878,2973,2727
2022,Wheat,Goa,697,26.3,38289,2797,3818,2876,2974
2019,Tobacco,Mizoram,617,26.6,33658,3106,1367,3053,2836
2019,Pulses,Tamil Nadu,530,23.0,18039,3472,8464,3864,3767
2021,Oil Seeds,Nagaland,766,32.1,5577,1651,7990,1751,1690
2020,Pulses,Mizoram,991,23.0,19705,3683,1801,3839,4302
2019,Wheat,Odisha,597,25.4,9446,3205,5810,3573,3878
2020,Wheat,Arunachal Pradesh,759,33.7,24097,3415,8540,3387,3141
2021,Barley,Punjab,714,24.2,12987,2288,4154,2187,2376
2022,Ground Nuts,Madhya Pradesh,819,20.6,32357,3944,5186,3812,3499
2020,Pulses,Meghalaya,543,27.4,35942,2610,4343,2709,3101
2018,Wheat,Karnataka,768,31.3,42076,3151,6726,3499,3341
2020,Tobacco,Kerala,1195,25.8,45070,3961,4047,4271,4467
2021,Tobacco,Manipur,531,30.5,46604,2816,8954,3156,3183
2020,Barley,Punjab,515,22.7,37002,1665,8071,1736,1696
2018,Pulses,Karnataka,460,20.6,33550,1867,8215,1681,1791
2020,Millets,Bihar,1111,26.5,29552,3853,6317,3895,4327
2022,Ground Nuts,Rajasthan,1190,26.7,11393,3443,9144,3293,2991
2020,Oil Seeds,Arunachal Pradesh,1192,20.2,41851,3851,8885,4117,4729
2019,Wheat,Goa,455,20.1,49719,2401,2604,2381,2511
2018,Paddy,Tripura,659,33.9,15598,2661,2310,2627,3003
2020,Wheat,Bihar,791,31.1,12588,2960,8452,3426,3763
2021,Maize,Arunachal Pradesh,522,25.1,43496,2480,7858,2592,2537
2020,Oil Seeds,Odisha,1161,34.6,47531,2561,8372,2886,2847
2020,Oil Seeds,Tamil Nadu,1102,29.2,28375,3093,555,2968,3368
2018,Cotton,Chhattisgarh,437,30.2,35468,2190,6572,2008,1979
2022,Barley,Himachal Pradesh,604,26.5,46680,2291,1588,2153,2190
2021,Sugarcane,Gujarat,1061,28.1,46119,3306,4862,3136,2975
2020,Millets,Telangana,945,21.6,18109,1860,5508,1725,1701
2020,Tobacco,Manipur,1115,34.7,28714,3637,1654,3808,3859
2022,Ground Nuts,West Bengal,908,20.1,34173,3675,8490,4087,4202
2018,Paddy,Andhra Pradesh,403,24.9,20654,2309,1697,2587,2384
2021,Cotton,Haryana,488,30.7,43399,2915,4402,3173,3003
2022,Barley,Jharkhand,756,24.0,18644,2248,8437,2405,2724
2018,Ground Nuts,Telangana,938,28.6,33106,3569,5448,3418,3470
2022,Maize,Andhra Pradesh,422,29.3,29533,2011,9725,1868,2027
2022,Pulses,Meghalaya,811,23.6,36205,3507,8960,3322,3101
2019,Tobacco,Madhya Pradesh,754,29.3,40903,1885,5322,2211,2213
2021,Sugarcane,Haryana,963,23.2,37040,1550,5023,1957,1927
2021,Ground Nuts,Maharashtra,462,21.1,10838,1509,6041,1858,2005
2020,Sugarcane,Rajasthan,1032,23.8,6231,2613,598,2820,3000
2022,Sugarcane,Maharashtra,1090,27.6,9051,1952,3786,2451,2280
2018,Millets,West Bengal,1176,33.9,32001,3135,2446,3474,3430
2021,Wheat,Uttar Pradesh,948,31.4,34539,1811,5147,2121,1946
2019,Barley,Andhra Pradesh,934,20.1,21850,3300,2987,3357,3516
2018,Wheat,Maharashtra,1004,29.3,38241,2997,2140,3415,3120
2021,Paddy,Rajasthan,545,34.3,17617,3614,5405,3603,3693
2019,Cotton,Tripura,488,24.1,21131,2963,802,3158,3613
2018,Wheat,Chhattisgarh,1171,22.5,11526,3904,1483,3808,4181
2021,Tobacco,Uttar Pradesh,998,25.5,13024,2750,3658,2606,2728
2020,Maize,Karnataka,691,21.0,37797,3498,1686,3377,3550
2020,Oil Seeds,Punjab,1056,20.5,15995,3013,2349,3256,3309
2021,Paddy,Nagaland,999,22.5,18903,3101,4627,2984,3291
2021,Maize,Tamil Nadu,609,20.2,5489,2232,7744,2480,2277
2019,Oil Seeds,Manipur,404,26.8,48311,2971,7846,2884,3251
2021,Tobacco,Chhattisgarh,796,22.3,21395,3534,1822,3686,3965
2020,Paddy,Bihar,762,26.5,11707,3376,4962,3860,4227
2019,Tobacco,Himachal Pradesh,888,29.9,49045,3887,3794,3753,4218
2019,Barley,Odisha,473,34.4,22173,1774,9596,1988,2113
2019,Sugarcane,Arunachal Pradesh,774,31.9,20624,2131,9767,2135,2372
2018,Oil Seeds,Arunachal Pradesh,719,32.7,45719,3023,3883,3157,3377
2020,Cotton,Gujarat,712,31.1,31674,3269,2767,3521,3441
2018,Cotton,Bihar,461,20.2,45006,2957,2690,2820,3221
2020,Maize,Uttarakhand,868,26.0,27071,1987,5846,1789,1694
2020,Cotton,Punjab,729,33.4,9555,3313,6439,3691,3488
2022,Wheat,Maharashtra,1103,28.5,48789,3253,8818,3681,4087
2019,Maize,Jharkhand,561,31.7,25708,2012,9098,1862,1950
2020,Millets,West Bengal,905,29.9,34438,1513,1958,1644,1506
2019,Pulses,Rajasthan,811,32.8,37108,3712,5716,3521,3696
2020,Ground Nuts,Madhya Pradesh,1165,24.7,19322,3964,3242,4279,4483
2021,Wheat,Madhya Pradesh,618,31.7,39534,2266,8225,2542,2320
2018,Tobacco,Tamil Nadu,546,23.7,8401,3741,3299,4072,4561
2021,Barley,Odisha,563,25.5,41390,3198,5805,3116,3254
2020,Tobacco,Meghalaya,680,34.8,32804,1879,1499,2352,2491
2019,Barley,Mizoram,1074,27.3,17467,1902,523,1712,1761
2018,Maize,Manipur,975,32.0,23157,2100,3572,2140,2252
2021,Paddy,Bihar,1092,27.0,34990,2559,4118,3046,2793
2020,Wheat,Sikkim,1132,24.0,10251,2293,3910,2634,2692
2020,Pulses,Andhra Pradesh,717,28.8,17881,2150,4727,2302,2585
2020,Tobacco,Gujarat,884,20.7,11021,3876,8910,4188,4096
2019,Oil Seeds,Telangana,719,28.7,18720,2511,6984,2728,2913
2022,Maize,Sikkim,1115,21.7,15148,2761,1003,2848,2977
2018,Wheat,Arunachal Pradesh,800,22.0,47909,3208,7421,3109,3190
2018,Wheat,Kerala,622,30.4,49286,2431,8600,2846,2570
2022,Barley,Uttar Pradesh,934,34.5,10868,2672,1300,2996,3162
2021,Tobacco,Andhra Pradesh,922,26.1,40447,3763,1754,4038,3844
2021,Sugarcane,Goa,679,24.9,28164,1980,1201,2331,2162
2022,Sugarcane,Uttar Pradesh,771,34.6,24416,2911,3698,2809,2801
2018,Tobacco,Nagaland,836,24.0,43549,1872,3428,2044,2024
2021,Wheat,Punjab,764,25.0,14900,3148,634,3274,3204
2021,Cotton,Gujarat,767,29.9,40588,3486,2861,3561,3950
2022,Barley,Tripura,440,31.3,34368,3642,3141,3456,3346
2022,Pulses,Chhattisgarh,1187,22.4,10291,3737,2486,4085,4531
2019,Sugarcane,West Bengal,435,21.9,24674,3317,1208,3703,4082
2018,Paddy,Mizoram,401,22.5,30124,2688,7343,2853,3021
2018,Paddy,West Bengal,922,20.9,5677,2277,7848,2153,2058
2019,Sugarcane,Nagaland,1200,31.6,11051,3455,5825,3548,3313
2022,Wheat,Himachal Pradesh,576,27.4,30463,2759,5622,2705,2683
2022,Tobacco,Goa,1096,21.5,28515,2712,5223,2942,2959
2022,Barley,Bihar,482,26.9,46746,2941,3737,2982,3314
2019,Maize,Punjab,526,27.5,32578,3585,2973,4039,4127
2021,Cotton,Maharashtra,511,33.5,40539,1970,4856,2023,2100
2019,Tobacco,Meghalaya,814,25.8,39649,2881,4516,2685,2627
2018,Tobacco,Manipur,677,24.3,11495,3105,3930,3278,3627
2021,Millets,Tripura,545,23.7,12741,1802,7364,2172,2000
2018,Barley,Arunachal Pradesh,624,24.0,43866,2467,5893,2647,2451
2021,Barley,Maharashtra,820,25.0,15060,2694,2797,2640,2681
2022,Sugarcane,Uttarakhand,469,29.6,41294,2967,7856,2959,3019
2019,Millets,Sikkim,1121,21.2,9799,2571,606,3008,2874
2020,Pulses,Bihar,441,21.2,49430,3153,1083,3432,3571
2022,Barley,Assam,649,34.0,8666,3363,3065,3796,4327
2021,Millets,Himachal Pradesh,519,26.9,34523,3099,9066,3574,3343
2022,Millets,Karnataka,980,30.3,10426,3311,8235,3398,3117
2021,Cotton,Bihar,595,30.0,47473,1975,9578,1806,2044
2022,Barley,Punjab,1036,27.5,10124,2750,1436,3236,3086
2018,Oil Seeds,Uttar Pradesh,633,23.2,39888,1985,1704,2246,2238
2020,Barley,Mizoram,1065,29.5,37635,3478,1970,3400,3586
2018,Barley,Rajasthan,561,30.4,24480,3992,1983,4069,4376
2018,Paddy,Assam,460,24.9,9699,2714,1634,2728,2925
2019,Oil Seeds,Kerala,772,26.5,7885,2480,947,2399,2265
2022,Ground Nuts,Telangana,838,24.2,35262,3082,2756,3003,3078
2018,Pulses,Rajasthan,860,33.9,40469,3108,8148,3387,3108
2018,Paddy,Bihar,1152,25.6,26256,3663,1149,3469,3240
2020,Sugarcane,Madhya Pradesh,532,32.8,27975,2827,1437,3083,3168
2021,Maize,Kerala,857,34.2,15773,3546,9207,3436,3826
2019,Millets,Manipur,959,26.9,27864,2794,9054,2764,2801
2022,Paddy,Haryana,406,33.5,12010,3875,1819,4298,4382
2022,Paddy,Uttar Pradesh,1043,21.5,17758,3542,8962,3920,3664
2020,Barley,Gujarat,1066,34.8,34621,1792,1276,2199,2181
2022,Millets,Mizoram,840,26.7,18334,1821,2593,1693,1684
2020,Sugarcane,Assam,553,27.7,14338,3430,5258,3745,3618
2022,Pulses,Himachal Pradesh,430,31.2,30172,3011,7133,3239,3498
2021,Oil Seeds,Uttarakhand,595,21.3,5765,3620,2054,3988,4033
2021,Tobacco,Sikkim,661,29.3,39040,2966,8802,2946,2844
2022,Oil Seeds,Chhattisgarh,476,27.4,25175,2995,7712,3352,3320
2022,Tobacco,Meghalaya,409,21.2,18923,2757,5059,2807,2727
2020,Oil Seeds,Mizoram,1112,26.7,48972,3026,7365,3382,3605
2018,Wheat,Manipur,474,32.1,37814,2871,3262,3183,3641
2021,Ground Nuts,Assam,750,21.6,22158,2344,5241,2380,2223
2021,Pulses,Telangana,1175,30.1,25292,3794,8983,4219,4734
2020,Millets,Odisha,1141,34.1,34203,3339,8895,3685,3971
2022,Millets,Gujarat,524,23.9,5561,3769,4175,3932,4179
2020,Oil Seeds,Telangana,596,31.4,13738,1881,708,1890,2113
2020,Maize,West Bengal,629,21.8,38169,2661,3664,2514,2749
2018,Pulses,Maharashtra,991,28.3,11433,3863,6007,4336,4353
2022,Cotton,Mizoram,733,20.1,44348,1904,1758,2057,1860
2019,Tobacco,Odisha,630,31.5,46267,1659,2335,2074,2155
2021,Cotton,Punjab,836,34.2,15266,3551,9126,3911,4092
2022,Millets,Arunachal Pradesh,1148,22.4,34349,2774,6290,2769,2721
2022,Barley,Goa,1008,29.5,31265,3142,8033,3563,3668
2018,Paddy,Jharkhand,770,27.8,47242,2645,5961,3099,3054
2019,Tobacco,Uttar Pradesh,924,25.5,20327,3906,6419,4062,3704
2022,Wheat,Madhya Pradesh,1178,21.3,8435,2693,5513,2738,2740
2021,Ground Nuts,Punjab,757,30.2,14505,2354,3501,2318,2458
2018,Pulses,Chhattisgarh,593,34.2,48763,3396,8145,3721,3512
2018,Oil Seeds,Maharashtra,666,24.8,46660,3363,4896,3517,3389
2019,Millets,Himachal Pradesh,617,28.7,23261,3930,2659,4146,3768
2022,Millets,Telangana,1074,25.9,30257,2432,5923,2688,2991
2018,Pulses,Odisha,757,22.8,37966,2380,4161,2611,2788
2022,Cotton,Rajasthan,708,32.8,31639,2656,7622,2503,2356
2021,Maize,Odisha,913,28.7,27900,2486,9585,2310,2230
2022,Maize,Kerala,738,32.1,19949,1868,9657,1934,1938
2018,Oil Seeds,Andhra Pradesh,935,34.3,30348,2894,3309,2726,2998
2021,Cotton,Himachal Pradesh,489,30.7,45655,3432,8752,3386,3094
2022,Barley,Maharashtra,720,30.0,8674,2514,1391,2796,3207
2021,Paddy,Madhya Pradesh,465,25.2,9846,3859,6788,3895,4237
2019,Sugarcane,Maharashtra,694,30.5,32605,1579,7718,1393,1511
2018,Maize,Telangana,558,32.8,14971,3635,845,4098,3900
2020,Barley,Uttar Pradesh,1101,20.1,37034,1639,3483,1833,1864
2022,Sugarcane,Karnataka,544,21.0,27238,2489,8819,2439,2513
2020,Maize,Tripura,1081,27.5,5036,2705,1408,2874,3012
2022,Pulses,Punjab,878,28.0,27936,2952,2158,3012,2900
2020,Millets,Andhra Pradesh,1133,20.1,45182,3500,1079,3802,3681
2019,Paddy,Bihar,1096,30.5,15134,2905,4153,3009,3351
2022,Sugarcane,Himachal Pradesh,879,21.4,40880,2401,2330,2572,2326
2018,Pulses,Telangana,838,21.7,15138,2529,2671,2404,2285
2018,Millets,Maharashtra,814,27.1,48571,3326,2962,3191,3508
2019,Ground Nuts,Manipur,827,20.5,13089,3012,4664,3079,3225
2020,Cotton,Assam,413,26.7,19458,2061,2563,1998,2267
2022,Wheat,Uttarakhand,842,33.3,42114,3086,5462,3495,3293
2022,Wheat,Punjab,923,30.4,26284,2873,8142,3004,3145
2019,Maize,Tamil Nadu,546,28.4,35431,3017,1116,3354,3380
2021,Paddy,Andhra Pradesh,643,31.9,17529,1760,5579,1805,1809
2019,Paddy,Mizoram,863,33.5,38619,3437,4021,3919,4108
2022,Millets,Manipur,1034,20.1,11262,3539,1393,3656,3569
2021,Barley,Tamil Nadu,749,27.8,25488,3777,5005,3915,4230
2018,Tobacco,Maharashtra,907,28.9,30839,2593,4655,2793,3081
2019,Wheat,Himachal Pradesh,1162,29.3,10141,2319,7067,2501,2337
2021,Oil Seeds,Assam,1065,21.7,5725,2684,5332,2718,2664
2022,Sugarcane,Punjab,1046,31.2,22092,2382,1959,2278,2383
2020,Ground Nuts,Bihar,745,28.4,46800,1938,1706,2133,2139
2019,Sugarcane,Manipur,892,22.0,37962,2554,6651,2750,2683
2018,Ground Nuts,Mizoram,472,26.2,25935,1599,8578,1788,1638
2021,Tobacco,Rajasthan,425,34.3,48556,2617,4707,3053,2945
2021,Tobacco,West Bengal,1126,23.9,35437,3927,4151,4024,4429
2019,Tobacco,West Bengal,515,31.2,37278,3154,679,3079,2984
2018,Maize,Maharashtra,729,29.5,36239,2065,9425,2163,2071
2020,Tobacco,Madhya Pradesh,727,27.6,13642,3705,2320,3714,3762
2021,Cotton,Goa,427,29.9,11189,3399,5986,3555,3808
2018,Ground Nuts,Nagaland,918,24.8,25657,3524,9655,3711,4060
2020,Tobacco,Tripura,558,34.8,18905,2394,4369,2446,2278
2018,Paddy,Uttar Pradesh,584,31.7,42474,2688,6730,2922,3306
2018,Millets,Uttarakhand,1058,20.5,20035,2797,6658,3251,3375
2022,Paddy,Meghalaya,987,21.5,30062,1641,1093,2003,2099
2019,Paddy,Himachal Pradesh,568,29.0,43574,2178,5922,2103,2173
2018,Sugarcane,Kerala,1076,24.7,35095,1655,2361,1799,1754
2021,Oil Seeds,Uttar Pradesh,774,25.1,43263,3549,7660,3925,3733
2018,Paddy,Odisha,432,25.1,49873,2272,4216,2564,2782
2020,Ground Nuts,Punjab,481,33.7,18661,1884,9206,1919,2188
2018,Paddy,Tamil Nadu,568,32.4,17349,3153,8001,3650,4059
2022,Pulses,West Bengal,783,28.1,5138,2537,9563,2399,2751
2022,Paddy,Punjab,786,29.3,44983,2568,2117,2999,3434
2021,Pulses,Rajasthan,1125,34.3,5297,3575,9695,3698,3926
2019,Ground Nuts,Gujarat,972,29.2,48485,2957,9865,3108,3181
2022,Paddy,Kerala,738,27.8,33358,2257,2591,2134,2179
2020,Millets,Sikkim,1166,25.6,47841,2450,7451,2442,2590
2018,Ground Nuts,Punjab,514,26.0,49961,1830,768,1900,1948
2020,Tobacco,Assam,635,27.3,15193,1819,6510,1855,1776
2018,Sugarcane,Andhra Pradesh,1026,21.2,16347,2738,1271,2743,2802
2018,Cotton,Karnataka,1065,25.2,36102,2341,3137,2189,2349
2020,Barley,Haryana,932,25.6,5932,1757,9060,1778,1926
2022,Barley,Sikkim,714,23.0,10475,2167,8918,2639,3017
2021,Barley,Assam,482,32.8,23271,3768,5226,3866,4114
2022,Ground Nuts,Karnataka,478,28.7,9602,2698,5145,2621,2919
2022,Paddy,Goa,954,32.5,38738,3022,6285,2872,2993
2022,Sugarcane,Tamil Nadu,1147,31.2,28624,2909,3200,3185,3176
2019,Sugarcane,Madhya Pradesh,1057,26.4,44153,3422,6976,3902,4201
2021,Tobacco,Punjab,696,20.2,9730,3211,8749,3154,2930
2022,Cotton,Assam,980,25.9,13523,3599,8022,3756,3443
2020,Tobacco,Chhattisgarh,928,33.2,42748,2962,813,2895,2706
2022,Sugarcane,Mizoram,771,21.6,17145,2751,5954,2607,2709
2022,Tobacco,Assam,650,30.3,44430,2745,1342,3213,3621
2022,Cotton,Madhya Pradesh,789,25.5,48262,2039,1929,2174,2436
2019,Pulses,Andhra Pradesh,800,22.4,9169,2462,6302,2293,2396
2020,Ground Nuts,Assam,1128,31.7,48391,3959,2938,4201,4340
2020,Barley,Himachal Pradesh,1019,31.7,33622,2275,5232,2182,2155
2022,Wheat,Chhattisgarh,537,24.4,44244,2364,6571,2502,2593
2021,Paddy,Chhattisgarh,1121,28.1,44890,2162,8606,2229,2371
2020,Maize,Arunachal Pradesh,623,26.7,39560,2747,1567,2998,3401
2020,Barley,Arunachal Pradesh,660,29.7,41206,2267,1134,2535,2532
2022,Oil Seeds,Gujarat,653,30.8,38344,2857,4638,2702,2549
2022,Barley,Arunachal Pradesh,656,25.1,49769,1845,3935,2259,2219
2022,Wheat,Tripura,527,25.0,5099,3232,2789,3150,3034
2022,Maize,Assam,1050,34.3,16432,1555,631,1598,1622
2022,Sugarcane,Kerala,608,20.8,37178,2324,9477,2549,2489
2022,Tobacco,Tamil Nadu,809,22.2,37461,3629,2625,3514,3171
2022,Sugarcane,Nagaland,697,20.2,45122,1959,6162,2129,2308
2020,Tobacco,Mizoram,617,25.2,39666,3081,6980,2923,3043
2020,Millets,Assam,648,24.6,44891,2362,5216,2185,2217
2021,Maize,Himachal Pradesh,502,28.1,25592,2459,4343,2380,2575
2019,Wheat,Tamil Nadu,690,27.4,12031,3712,8647,3796,4352
2020,Ground Nuts,Goa,1187,20.1,38218,1745,6136,1726,1554
2019,Barley,Tripura,447,33.1,39245,3867,9719,4295,4489
2021,Pulses,Mizoram,521,23.3,42099,1648,2292,1904,2013
2022,Sugarcane,Bihar,418,31.1,12339,1962,8930,2341,2431
2021,Wheat,Telangana,458,21.5,24427,2354,641,2839,3101
2019,Millets,Punjab,992,34.0,40335,2161,5158,2641,2592
2021,Tobacco,Madhya Pradesh,561,26.9,27602,3178,8287,3319,3797
2019,Sugarcane,Sikkim,1151,21.3,20372,3457,8615,3901,4171
2021,Wheat,Tripura,1169,25.7,35251,1762,8307,2094,2035
2020,Maize,Madhya Pradesh,727,20.5,11408,2538,9052,2714,2714
2022,Paddy,Nagaland,1056,21.1,33404,3727,9671,3841,3461
2019,Maize,Mizoram,490,26.9,19468,2277,7138,2655,2757
2018,Millets,Himachal Pradesh,1103,23.2,32549,3880,6053,3807,3890
2021,Oil Seeds,Himachal Pradesh,510,32.2,31469,1952,6101,2091,2251
2019,Cotton,Telangana,1047,32.2,27700,3888,4645,3978,3989
2022,Ground Nuts,Assam,752,25.8,33391,2351,3367,2220,2127
2020,Barley,Kerala,598,23.9,29157,3212,2149,3144,3598
2020,Barley,Tamil Nadu,1000,34.4,48949,2810,6812,3272,3562
2020,Maize,Uttar Pradesh,426,26.4,26306,2172,6884,2229,2177
2021,Paddy,Karnataka,518,27.7,8750,3047,3950,3487,3154
2018,Oil Seeds,Odisha,614,24.4,29670,2804,1847,3018,3362
2019,Millets,Haryana,426,27.4,36724,1591,2020,2020,2236
2020,Cotton,Mizoram,1154,29.2,23604,1891,8003,1717,1791
2020,Sugarcane,Telangana,728,25.0,47101,3672,4462,3856,4362
2019,Sugarcane,Himachal Pradesh,1141,21.9,29783,3185,8446,3077,3419
2020,Millets,Maharashtra,1038,30.8,46263,1997,8698,1832,1994
2022,Sugarcane,Sikkim,716,21.2,6756,3092,8506,3010,3174
2022,Pulses,Andhra Pradesh,742,24.4,7748,3854,731,3813,3983
2021,Barley,Jharkhand,1044,24.7,30184,3556,2414,3881,3858
2020,Paddy,Assam,884,34.6,40868,2983,668,3461,3754
2019,Millets,West Bengal,968,26.2,27572,3887,2566,4025,3980
2021,Tobacco,Bihar,892,30.8,15186,2821,3440,3066,3424
2020,Ground Nuts,Jharkhand,401,31.5,39495,1608,1895,1939,1811
2020,Sugarcane,Gujarat,1093,27.9,47785,2418,6353,2224,2089
2018,Ground Nuts,Himachal Pradesh,848,23.2,31495,1582,5438,1920,1980
2020,Sugarcane,Nagaland,886,29.6,8630,2885,5903,2721,2873
2019,Ground Nuts,Himachal Pradesh,676,32.4,37645,1987,5827,1879,1740
2019,Millets,Nagaland,938,25.8,25272,1759,4797,2046,2112
2021,Paddy,Maharashtra,1129,30.1,12391,2716,1448,2671,3016
2021,Maize,Madhya Pradesh,910,29.6,40748,2346,4115,2197,2150
2021,Barley,Andhra Pradesh,1010,30.1,16291,3956,1416,4247,4113
2020,Pulses,Manipur,1093,24.8,35579,2055,4318,1925,2122
2018,Cotton,Odisha,1153,25.2,29156,3443,4882,3563,3729
2018,Cotton,Madhya Pradesh,1183,21.4,33302,2943,7119,3130,3002
2021,Wheat,Kerala,847,30.3,10427,2308,8485,2650,2389
2018,Millets,Bihar,554,26.9,12041,3772,5044,3746,3804
2021,Barley,Himachal Pradesh,1086,31.2,32985,2996,5911,3130,3403
2018,Ground Nuts,Rajasthan,688,28.4,20568,2274,5288,2383,2229
2019,Paddy,Gujarat,647,21.7,11639,1674,8478,1522,1553
2018,Cotton,Uttarakhand,1172,32.5,22619,1731,1812,1880,1870
2019,Maize,Karnataka,819,21.0,37750,3591,831,3660,4068
2019,Wheat,Haryana,470,32.8,14253,2949,7023,3017,3463
2019,Pulses,Uttar Pradesh,781,27.1,32535,2581,5134,3045,3106
2021,Millets,Sikkim,1170,31.0,39759,3238,2018,3193,3261
2021,Oil Seeds,Manipur,619,34.5,24769,3909,7060,3775,3500
2020,Pulses,Assam,1184,26.9,12210,2900,5808,2932,3300
2021,Oil Seeds,Rajasthan,468,21.0,26511,3384,9179,3404,3783
2022,Tobacco,Madhya Pradesh,533,34.5,37589,2347,9672,2252,2320
2019,Tobacco,Punjab,897,32.4,12065,3016,1527,3277,2963
2018,Pulses,Goa,1005,22.5,16960,2212,1553,2687,2607
2018,Tobacco,Arunachal Pradesh,476,33.7,16139,2611,1354,2838,2564
2021,Tobacco,Telangana,470,26.2,38573,2441,4221,2637,2706
2021,Oil Seeds,Madhya Pradesh,409,30.8,28114,2141,2723,2465,2255
2019,Oil Seeds,Mizoram,655,20.1,39301,3198,8200,3521,3773
2019,Barley,Gujarat,484,31.7,5776,2447,7220,2859,2752
2018,Maize,Nagaland,1162,20.7,20981,2262,4553,2216,2135
2020,Paddy,Maharashtra,600,20.3,48786,2855,1279,3320,3037
2018,Millets,Punjab,1081,21.4,45658,1505,9038,1364,1264
2020,Ground Nuts,Meghalaya,631,28.9,22652,3078,5449,3455,3443
2021,Pulses,Maharashtra,1130,25.7,47171,2561,6653,2821,2747
2020,Pulses,Telangana,733,29.4,23859,3798,9207,4205,4417
2019,Millets,Assam,1165,32.5,32033,3226,2621,3239,3688
2020,Paddy,Jharkhand,628,28.6,45486,3573,8774,4058,3816
2018,Pulses,Uttarakhand,425,29.8,27269,2433,7793,2929,3294
2021,Paddy,Himachal Pradesh,906,30.2,16108,3248,587,3162,3066
2022,Ground Nuts,Bihar,775,26.2,14689,3832,3108,3767,3985
2019,Paddy,Maharashtra,599,31.4,30392,2402,6117,2481,2567
2022,Millets,West Bengal,886,23.2,30220,3566,5031,3392,3813
2020,Sugarcane,Odisha,1097,33.2,30690,2405,3250,2379,2600
2018,Barley,Tripura,928,31.0,46849,3645,2572,3605,3863
2021,Barley,Gujarat,1129,31.5,13951,3248,1731,3421,3098
2018,Tobacco,Odisha,729,32.1,14841,3922,6425,3932,3591
2018,Millets,Manipur,805,23.8,39718,3599,2263,3413,3088
2020,Tobacco,Karnataka,711,30.6,13767,1598,4125,1838,2104
2019,Barley,Himachal Pradesh,956,30.7,24285,2075,7380,2411,2741
2020,Pulses,Haryana,636,26.9,10451,1757,6052,1625,1715
2021,Millets,Odisha,1148,20.0,16322,2685,3639,2939,2701
2019,Paddy,Telangana,759,32.2,6373,2719,7427,2958,3274
2022,Barley,Mizoram,574,30.7,30235,3053,7305,3362,3532
2021,Pulses,Himachal Pradesh,793,29.7,31695,2324,1685,2586,2964
2021,Cotton,Jharkhand,630,22.2,30056,2122,5754,2555,2376
2022,Tobacco,Mizoram,1082,26.6,13332,3814,5074,3680,3792
2021,Paddy,Mizoram,867,27.0,10145,3140,7430,3514,3669
2018,Millets,Odisha,627,23.5,42229,3356,1489,3781,3951
2018,Sugarcane,Bihar,677,24.0,46553,2142,5707,2036,1838
2020,Barley,Manipur,1175,32.9,13582,3932,5864,4017,4263
2019,Cotton,Odisha,688,23.2,31622,2074,8483,1978,1923
2022,Ground Nuts,Punjab,405,31.0,37420,3539,908,3999,4485
2022,Millets,Uttar Pradesh,1106,27.4,36278,2649,8136,3036,2959
2022,Paddy,Manipur,865,29.7,32937,1504,9492,1827,1858
2018,Tobacco,Himachal Pradesh,593,23.7,34400,3097,3003,3036,3009
2022,Ground Nuts,Kerala,428,29.5,19449,2801,990,2878,3173
2020,Wheat,Uttar Pradesh,1012,29.9,44623,3758,4904,3716,3770
2019,Tobacco,Telangana,1184,25.5,45467,1901,8706,1833,1952
2022,Barley,Madhya Pradesh,495,29.3,40275,1540,9732,1558,1687
2020,Wheat,Manipur,898,31.9,27254,1514,8912,1987,2032
2018,Ground Nuts,Sikkim,721,23.3,19663,2618,1017,2988,2791
2018,Cotton,Arunachal Pradesh,758,29.6,26827,3047,4951,3006,3408
2019,Millets,Andhra Pradesh,529,24.1,22030,3792,7671,3650,4096
2019,Wheat,Uttarakhand,982,27.8,23604,2006,6452,2166,2275
2019,Cotton,Haryana,875,22.5,23245,2139,9685,2548,2733
2022,Ground Nuts,Goa,427,28.8,33416,3592,4660,3925,4124
2018,Sugarcane,Meghalaya,1127,27.9,36812,2602,8011,3086,2829
2020,Paddy,Rajasthan,567,31.3,21957,2939,5994,3362,3624
2018,Pulses,Arunachal Pradesh,773,21.7,7155,3896,5306,3859,3886
2020,Oil Seeds,Assam,963,26.1,17300,2624,971,2511,2741
2021,Ground Nuts,Rajasthan,505,21.2,38606,3333,8710,3135,3039
2020,Wheat,Punjab,1164,20.2,45294,1926,1377,1747,1869
2022,Cotton,Bihar,1133,27.4,7154,2463,2388,2525,2372
2019,Sugarcane,Telangana,635,23.3,8442,3920,6798,3924,3615
2022,Cotton,Tripura,732,31.0,25683,3117,7533,3553,3253
2020,Paddy,Gujarat,1016,28.2,48936,2717,1475,2727,2766
2021,Maize,Bihar,884,22.2,26445,3988,9196,4390,4119
2018,Cotton,Nagaland,1190,31.0,6011,2277,828,2172,2010
2021,Millets,Chhattisgarh,526,31.9,9669,2214,3464,2454,2671
2020,Wheat,Haryana,718,27.1,16166,3850,3088,3912,3696
2022,Tobacco,Tripura,441,24.6,12893,3575,5717,3408,3282
2019,Paddy,Odisha,1114,22.8,44895,2542,3048,2770,2928
2021,Paddy,Manipur,855,24.1,28734,3040,3269,3156,3399
2019,Sugarcane,Meghalaya,829,23.1,5332,3699,5673,3673,4023
2020,Pulses,Sikkim,972,23.0,20541,3540,9906,3629,3421
2020,Ground Nuts,Kerala,807,30.5,46443,2075,8340,2170,2342
2018,Ground Nuts,Tamil Nadu,844,20.1,41141,2263,2232,2105,1997
2018,Ground Nuts,Arunachal Pradesh,895,29.0,34436,1863,8316,1685,1519
2022,Wheat,Jharkhand,590,20.6,43780,3011,5628,3346,3203
2019,Oil Seeds,Maharashtra,520,21.3,44056,2934,6806,2923,3345
2021,Millets,Telangana,1197,28.1,41900,3254,4434,3586,3382
2018,Sugarcane,Uttar Pradesh,604,34.1,40656,2647,6481,2731,2540
2021,Pulses,Assam,563,33.2,28374,3195,4918,3589,3585
2021,Barley,Uttarakhand,406,22.4,48422,1593,923,1500,1720
2019,Maize,Haryana,1088,23.4,20311,3871,7469,4188,3788
2020,Cotton,Nagaland,576,34.8,23200,3878,2167,3947,4256
2022,Millets,Odisha,1107,22.4,32015,2418,6431,2527,2522
2022,Oil Seeds,Uttar Pradesh,736,32.1,49054,1713,6317,1701,1901
2019,Cotton,Bihar,1110,31.1,25153,3827,5117,4120,4523
2020,Ground Nuts,Maharashtra,893,24.6,10766,2721,6290,3191,3446
2022,Sugarcane,Jharkhand,456,32.9,14040,3687,9808,3576,4089
2018,Pulses,Kerala,1156,28.2,42288,1760,8891,2039,1986
2020,Cotton,Telangana,1065,30.5,38196,1691,5894,1611,1812
2021,Sugarcane,Odisha,1155,28.8,31649,1565,1959,1913,2100
2022,Ground Nuts,Manipur,697,26.0,13667,2072,7763,2071,2326
2018,Ground Nuts,Haryana,1070,34.7,40190,3113,4493,3499,3311
2022,Oil Seeds,Tamil Nadu,1060,24.6,6984,2741,7473,3169,3178
2019,Maize,Assam,446,23.9,12308,1818,7547,1864,1691
2022,Wheat,Andhra Pradesh,955,23.0,39176,2119,9706,2534,2544
2019,Paddy,Manipur,1191,33.4,32415,3550,7374,3955,4115
2018,Maize,Kerala,618,21.4,21836,3395,6561,3296,3079
2021,Ground Nuts,Karnataka,897,21.4,23753,1644,3220,1601,1573
2021,Wheat,Meghalaya,504,26.4,44690,2877,622,3360,3838
2021,Oil Seeds,Odisha,1128,23.7,5137,3733,3691,3648,3598
2022,Millets,Goa,685,30.6,47650,3724,9534,3700,4029
2020,Cotton,Tamil Nadu,900,22.8,49535,3467,1109,3511,3203
2022,Millets,Rajasthan,753,25.7,29595,1835,597,1795,1971
2021,Paddy,Odisha,755,33.0,29529,1955,881,1948,1914
